"U:0","U:1","U:2","p","vtkValidPointMask","arc_length","Points:0","Points:1","Points:2"
0.22366,0,0.58747,-0.24381,1,0,0,0,-1
0.22417,0,0.58869,-0.24462,1,0.002,0,0,-0.998
0.22469,0,0.5899,-0.24544,1,0.004,0,0,-0.996
0.2252,0,0.59112,-0.24625,1,0.006,0,0,-0.994
0.22571,0,0.59233,-0.24706,1,0.008,0,0,-0.992
0.22622,0,0.59355,-0.24788,1,0.01,0,0,-0.99
0.22673,0,0.59476,-0.24869,1,0.012,0,0,-0.988
0.22724,0,0.59598,-0.2495,1,0.014,0,0,-0.986
0.22775,0,0.59719,-0.25032,1,0.016,0,0,-0.984
0.22827,0,0.59841,-0.25113,1,0.018,0,0,-0.982
0.22878,0,0.59962,-0.25194,1,0.02,0,0,-0.98
0.22929,0,0.60083,-0.25275,1,0.022,0,0,-0.978
0.2298,0,0.60205,-0.25357,1,0.024,0,0,-0.976
0.23031,0,0.60326,-0.25438,1,0.026,0,0,-0.974
0.23082,0,0.60448,-0.25519,1,0.028,0,0,-0.972
0.23133,0,0.60569,-0.25601,1,0.03,0,0,-0.97
0.23184,0,0.60691,-0.25682,1,0.032,0,0,-0.968
0.23236,0,0.60812,-0.25763,1,0.034,0,0,-0.966
0.23287,0,0.60934,-0.25845,1,0.036,0,0,-0.964
0.23338,0,0.61055,-0.25926,1,0.038,0,0,-0.962
0.23389,0,0.61177,-0.26007,1,0.04,0,0,-0.96
0.2344,0,0.61298,-0.26089,1,0.042,0,0,-0.958
0.23491,0,0.6142,-0.2617,1,0.044,0,0,-0.956
0.23542,0,0.61541,-0.26251,1,0.046,0,0,-0.954
0.23594,0,0.61662,-0.26333,1,0.048,0,0,-0.952
0.23645,0,0.61784,-0.26414,1,0.05,0,0,-0.95
0.23696,0,0.61905,-0.26495,1,0.052,0,0,-0.948
0.23747,0,0.62027,-0.26577,1,0.054,0,0,-0.946
0.23798,0,0.62148,-0.26658,1,0.056,0,0,-0.944
0.23849,0,0.6227,-0.26739,1,0.058,0,0,-0.942
0.239,0,0.62391,-0.26821,1,0.06,0,0,-0.94
0.23951,0,0.62513,-0.26902,1,0.062,0,0,-0.938
0.24003,0,0.62634,-0.26983,1,0.064,0,0,-0.936
0.24054,0,0.62756,-0.27064,1,0.066,0,0,-0.934
0.24106,0,0.62887,-0.27158,1,0.068,0,0,-0.932
0.24159,0,0.63025,-0.27258,1,0.07,0,0,-0.93
0.24211,0,0.63162,-0.27358,1,0.072,0,0,-0.928
0.24264,0,0.633,-0.27458,1,0.074,0,0,-0.926
0.24317,0,0.63437,-0.27559,1,0.076,0,0,-0.924
0.2437,0,0.63575,-0.27659,1,0.078,0,0,-0.922
0.24423,0,0.63713,-0.27759,1,0.08,0,0,-0.92
0.24475,0,0.6385,-0.27859,1,0.082,0,0,-0.918
0.24528,0,0.63988,-0.27959,1,0.084,0,0,-0.916
0.24581,0,0.64125,-0.2806,1,0.086,0,0,-0.914
0.24634,0,0.64263,-0.2816,1,0.088,0,0,-0.912
0.24687,0,0.644,-0.2826,1,0.09,0,0,-0.91
0.24739,0,0.64538,-0.2836,1,0.092,0,0,-0.908
0.24792,0,0.64675,-0.2846,1,0.094,0,0,-0.906
0.24845,0,0.64813,-0.28561,1,0.096,0,0,-0.904
0.24898,0,0.6495,-0.28661,1,0.098,0,0,-0.902
0.24951,0,0.65088,-0.28761,1,0.1,0,0,-0.9
0.25003,0,0.65226,-0.28861,1,0.102,0,0,-0.898
0.25056,0,0.65363,-0.28961,1,0.104,0,0,-0.896
0.25109,0,0.65501,-0.29062,1,0.106,0,0,-0.894
0.25162,0,0.65638,-0.29162,1,0.108,0,0,-0.892
0.25215,0,0.65776,-0.29262,1,0.11,0,0,-0.89
0.25267,0,0.65913,-0.29362,1,0.112,0,0,-0.888
0.2532,0,0.66051,-0.29463,1,0.114,0,0,-0.886
0.25373,0,0.66188,-0.29563,1,0.116,0,0,-0.884
0.25426,0,0.66326,-0.29663,1,0.118,0,0,-0.882
0.25479,0,0.66463,-0.29763,1,0.12,0,0,-0.88
0.25531,0,0.66601,-0.29863,1,0.122,0,0,-0.878
0.25584,0,0.66739,-0.29964,1,0.124,0,0,-0.876
0.25637,0,0.66876,-0.30064,1,0.126,0,0,-0.874
0.2569,0,0.67014,-0.30164,1,0.128,0,0,-0.872
0.25743,0,0.67151,-0.30264,1,0.13,0,0,-0.87
0.25795,0,0.67289,-0.30364,1,0.132,0,0,-0.868
0.25848,0,0.67426,-0.30465,1,0.134,0,0,-0.866
0.25901,0,0.67564,-0.30565,1,0.136,0,0,-0.864
0.25954,0,0.67701,-0.30665,1,0.138,0,0,-0.862
0.26007,0,0.67839,-0.30765,1,0.14,0,0,-0.86
0.26059,0,0.67976,-0.30865,1,0.142,0,0,-0.858
0.26112,0,0.68114,-0.30966,1,0.144,0,0,-0.856
0.26165,0,0.68252,-0.31066,1,0.146,0,0,-0.854
0.26218,0,0.68389,-0.31166,1,0.148,0,0,-0.852
0.2627,0,0.68527,-0.31266,1,0.15,0,0,-0.85
0.26323,0,0.68664,-0.31366,1,0.152,0,0,-0.848
0.26376,0,0.68802,-0.31467,1,0.154,0,0,-0.846
0.26429,0,0.68943,-0.31572,1,0.156,0,0,-0.844
0.26483,0,0.69097,-0.31695,1,0.158,0,0,-0.842
0.26537,0,0.69251,-0.31817,1,0.16,0,0,-0.84
0.2659,0,0.69404,-0.3194,1,0.162,0,0,-0.838
0.26644,0,0.69558,-0.32063,1,0.164,0,0,-0.836
0.26697,0,0.69712,-0.32186,1,0.166,0,0,-0.834
0.26751,0,0.69866,-0.32309,1,0.168,0,0,-0.832
0.26805,0,0.70019,-0.32432,1,0.17,0,0,-0.83
0.26858,0,0.70173,-0.32554,1,0.172,0,0,-0.828
0.26912,0,0.70327,-0.32677,1,0.174,0,0,-0.826
0.26965,0,0.70481,-0.328,1,0.176,0,0,-0.824
0.27019,0,0.70635,-0.32923,1,0.178,0,0,-0.822
0.27073,0,0.70788,-0.33046,1,0.18,0,0,-0.82
0.27126,0,0.70942,-0.33169,1,0.182,0,0,-0.818
0.2718,0,0.71096,-0.33291,1,0.184,0,0,-0.816
0.27233,0,0.7125,-0.33414,1,0.186,0,0,-0.814
0.27287,0,0.71403,-0.33537,1,0.188,0,0,-0.812
0.27341,0,0.71557,-0.3366,1,0.19,0,0,-0.81
0.27394,0,0.71711,-0.33783,1,0.192,0,0,-0.808
0.27448,0,0.71865,-0.33906,1,0.194,0,0,-0.806
0.27501,0,0.72019,-0.34028,1,0.196,0,0,-0.804
0.27555,0,0.72172,-0.34151,1,0.198,0,0,-0.802
0.27609,0,0.72326,-0.34274,1,0.2,0,0,-0.8
0.27662,0,0.7248,-0.34397,1,0.202,0,0,-0.798
0.27716,0,0.72634,-0.3452,1,0.204,0,0,-0.796
0.27769,0,0.72787,-0.34643,1,0.206,0,0,-0.794
0.27823,0,0.72941,-0.34765,1,0.208,0,0,-0.792
0.27877,0,0.73095,-0.34888,1,0.21,0,0,-0.79
0.2793,-1.1918e-06,0.73249,-0.35012,1,0.212,0,0,-0.788
0.27984,-1.1753e-06,0.73403,-0.35134,1,0.214,0,0,-0.786
0.28037,-1.1587e-06,0.73557,-0.35257,1,0.216,0,0,-0.784
0.28091,-1.1422e-06,0.7371,-0.3538,1,0.218,0,0,-0.782
0.28145,-1.1256e-06,0.73864,-0.35503,1,0.22,0,0,-0.78
0.28198,-1.1091e-06,0.74018,-0.35626,1,0.222,0,0,-0.778
0.28252,-1.0925e-06,0.74172,-0.35749,1,0.224,0,0,-0.776
0.28305,-1.076e-06,0.74325,-0.35871,1,0.226,0,0,-0.774
0.28359,-1.0594e-06,0.74479,-0.35994,1,0.228,0,0,-0.772
0.28413,-1.0429e-06,0.74633,-0.36117,1,0.23,0,0,-0.77
0.28466,-1.0264e-06,0.74787,-0.3624,1,0.232,0,0,-0.768
0.2852,-1.0098e-06,0.74941,-0.36363,1,0.234,0,0,-0.766
0.28573,-9.9326e-07,0.75094,-0.36486,1,0.236,0,0,-0.764
0.28627,-9.7672e-07,0.75248,-0.36608,1,0.238,0,0,-0.762
0.28681,-9.6017e-07,0.75402,-0.36731,1,0.24,0,0,-0.76
0.28734,-9.4363e-07,0.75556,-0.36854,1,0.242,0,0,-0.758
0.28788,-9.2708e-07,0.75709,-0.36977,1,0.244,0,0,-0.756
0.28842,0,0.75872,-0.37115,1,0.246,0,0,-0.754
0.28896,0,0.76038,-0.37259,1,0.248,0,0,-0.752
0.2895,0,0.76204,-0.37403,1,0.25,0,0,-0.75
0.29004,0,0.7637,-0.37546,1,0.252,0,0,-0.748
0.29058,0,0.76536,-0.3769,1,0.254,0,0,-0.746
0.29112,0,0.76702,-0.37834,1,0.256,0,0,-0.744
0.29165,0,0.76868,-0.37977,1,0.258,0,0,-0.742
0.29219,0,0.77034,-0.38121,1,0.26,0,0,-0.74
0.29273,0,0.772,-0.38264,1,0.262,0,0,-0.738
0.29327,0,0.77366,-0.38408,1,0.264,0,0,-0.736
0.29381,0,0.77532,-0.38552,1,0.266,0,0,-0.734
0.29435,0,0.77697,-0.38695,1,0.268,0,0,-0.732
0.29489,0,0.77863,-0.38839,1,0.27,0,0,-0.73
0.29543,0,0.78029,-0.38983,1,0.272,0,0,-0.728
0.29597,0,0.78195,-0.39126,1,0.274,0,0,-0.726
0.29651,0,0.78361,-0.3927,1,0.276,0,0,-0.724
0.29705,0,0.78527,-0.39414,1,0.278,0,0,-0.722
0.29759,0,0.78693,-0.39557,1,0.28,0,0,-0.72
0.29813,0,0.78859,-0.39701,1,0.282,0,0,-0.718
0.29867,0,0.79025,-0.39845,1,0.284,0,0,-0.716
0.29921,0,0.79191,-0.39988,1,0.286,0,0,-0.714
0.29975,0,0.79357,-0.40132,1,0.288,0,0,-0.712
0.30029,0,0.79527,-0.40282,1,0.29,0,0,-0.71
0.30081,3.172e-07,0.79701,-0.40437,1,0.292,0,0,-0.708
0.30134,3.1147e-07,0.79875,-0.40591,1,0.294,0,0,-0.706
0.30187,3.0574e-07,0.80048,-0.40746,1,0.296,0,0,-0.704
0.30239,3.0002e-07,0.80222,-0.40901,1,0.298,0,0,-0.702
0.30292,2.9429e-07,0.80396,-0.41056,1,0.3,0,0,-0.7
0.30345,2.8856e-07,0.8057,-0.4121,1,0.302,0,0,-0.698
0.30398,2.8284e-07,0.80743,-0.41365,1,0.304,0,0,-0.696
0.3045,2.7711e-07,0.80917,-0.4152,1,0.306,0,0,-0.694
0.30503,2.7138e-07,0.81091,-0.41674,1,0.308,0,0,-0.692
0.30556,2.6566e-07,0.81264,-0.41829,1,0.31,0,0,-0.69
0.30609,2.5993e-07,0.81438,-0.41984,1,0.312,0,0,-0.688
0.30661,2.542e-07,0.81612,-0.42139,1,0.314,0,0,-0.686
0.30714,2.4848e-07,0.81786,-0.42293,1,0.316,0,0,-0.684
0.30767,2.4275e-07,0.81959,-0.42448,1,0.318,0,0,-0.682
0.3082,2.3703e-07,0.82133,-0.42603,1,0.32,0,0,-0.68
0.30872,2.313e-07,0.82307,-0.42757,1,0.322,0,0,-0.678
0.30925,2.2557e-07,0.8248,-0.42912,1,0.324,0,0,-0.676
0.30978,2.1985e-07,0.82654,-0.43067,1,0.326,0,0,-0.674
0.31031,2.1412e-07,0.82828,-0.43222,1,0.328,0,0,-0.672
0.31083,2.0839e-07,0.83002,-0.43376,1,0.33,0,0,-0.67
0.31136,2.0267e-07,0.83175,-0.43531,1,0.332,0,0,-0.668
0.31194,0,0.83353,-0.43686,1,0.334,0,0,-0.666
0.31264,0,0.83541,-0.43842,1,0.336,0,0,-0.664
0.31333,0,0.83728,-0.43997,1,0.338,0,0,-0.662
0.31403,0,0.83915,-0.44153,1,0.34,0,0,-0.66
0.31473,0,0.84102,-0.44308,1,0.342,0,0,-0.658
0.31542,0,0.8429,-0.44464,1,0.344,0,0,-0.656
0.31612,0,0.84477,-0.4462,1,0.346,0,0,-0.654
0.31681,0,0.84664,-0.44775,1,0.348,0,0,-0.652
0.31751,0,0.84851,-0.44931,1,0.35,0,0,-0.65
0.3182,0,0.85039,-0.45086,1,0.352,0,0,-0.648
0.3189,0,0.85226,-0.45242,1,0.354,0,0,-0.646
0.32039,0,0.85398,-0.45393,1,0.356,0,0,-0.644
0.32476,0,0.85516,-0.45529,1,0.358,0,0,-0.642
0.32912,0,0.85634,-0.45665,1,0.36,0,0,-0.64
0.33348,0,0.85752,-0.45801,1,0.362,0,0,-0.638
0.33784,0,0.8587,-0.45936,1,0.364,0,0,-0.636
0.34221,0,0.85988,-0.46072,1,0.366,0,0,-0.634
0.34657,0,0.86107,-0.46208,1,0.368,0,0,-0.632
0.35093,0,0.86225,-0.46343,1,0.37,0,0,-0.63
0.3553,0,0.86343,-0.46479,1,0.372,0,0,-0.628
0.35966,0,0.86461,-0.46615,1,0.374,0,0,-0.626
0.36402,0,0.86579,-0.46751,1,0.376,0,0,-0.624
0.36955,0,0.8667,-0.46876,1,0.378,0,0,-0.622
0.38475,0,0.86541,-0.46914,1,0.38,0,0,-0.62
0.39996,0,0.86412,-0.46952,1,0.382,0,0,-0.618
0.41517,0,0.86282,-0.4699,1,0.384,0,0,-0.616
0.43037,0,0.86153,-0.47028,1,0.386,0,0,-0.614
0.44558,0,0.86023,-0.47066,1,0.388,0,0,-0.612
0.46079,0,0.85894,-0.47104,1,0.39,0,0,-0.61
0.47599,0,0.85764,-0.47142,1,0.392,0,0,-0.608
0.4912,0,0.85635,-0.47179,1,0.394,0,0,-0.606
0.50641,0,0.85506,-0.47217,1,0.396,0,0,-0.604
0.52161,0,0.85376,-0.47255,1,0.398,0,0,-0.602
0.53682,0,0.85247,-0.47293,1,0.4,0,0,-0.6
0.56965,0,0.84773,-0.47167,1,0.402,0,0,-0.598
0.60254,0,0.84298,-0.47039,1,0.404,0,0,-0.596
0.63543,0,0.83823,-0.46912,1,0.406,0,0,-0.594
0.66832,0,0.83348,-0.46785,1,0.408,0,0,-0.592
0.70121,0,0.82873,-0.46658,1,0.41,0,0,-0.59
0.7341,0,0.82399,-0.46531,1,0.412,0,0,-0.588
0.76699,0,0.81924,-0.46404,1,0.414,0,0,-0.586
0.79988,0,0.81449,-0.46277,1,0.416,0,0,-0.584
0.83277,0,0.80974,-0.46149,1,0.418,0,0,-0.582
0.86566,0,0.80499,-0.46022,1,0.42,0,0,-0.58
0.89854,0,0.80024,-0.45895,1,0.422,0,0,-0.578
0.95234,0,0.79237,-0.45589,1,0.424,0,0,-0.576
1.0088,0,0.78409,-0.4526,1,0.426,0,0,-0.574
1.0653,0,0.77582,-0.44931,1,0.428,0,0,-0.572
1.1218,0,0.76755,-0.44602,1,0.43,0,0,-0.57
1.1782,0,0.75927,-0.44273,1,0.432,0,0,-0.568
1.2347,0,0.751,-0.43943,1,0.434,0,0,-0.566
1.2912,0,0.74273,-0.43614,1,0.436,0,0,-0.564
1.3477,0,0.73445,-0.43285,1,0.438,0,0,-0.562
1.4041,0,0.72618,-0.42956,1,0.44,0,0,-0.56
1.4606,0,0.7179,-0.42627,1,0.442,0,0,-0.558
1.5171,0,0.70963,-0.42298,1,0.444,0,0,-0.556
1.5967,0,0.69873,-0.41734,1,0.446,0,0,-0.554
1.6831,0,0.68706,-0.41103,1,0.448,0,0,-0.552
1.7694,0,0.6754,-0.40472,1,0.45,0,0,-0.55
1.8557,0,0.66374,-0.3984,1,0.452,0,0,-0.548
1.9421,0,0.65207,-0.39209,1,0.454,0,0,-0.546
2.0284,0,0.64041,-0.38578,1,0.456,0,0,-0.544
2.1147,0,0.62875,-0.37946,1,0.458,0,0,-0.542
2.2011,0,0.61709,-0.37315,1,0.46,0,0,-0.54
2.2874,0,0.60542,-0.36684,1,0.462,0,0,-0.538
2.3737,0,0.59376,-0.36053,1,0.464,0,0,-0.536
2.4601,0,0.5821,-0.35421,1,0.466,0,0,-0.534
2.571,0,0.56845,-0.34498,1,0.468,0,0,-0.532
2.6943,0,0.5538,-0.33426,1,0.47,0,0,-0.53
2.8175,0,0.53915,-0.32355,1,0.472,0,0,-0.528
2.9408,0,0.5245,-0.31284,1,0.474,0,0,-0.526
3.0641,0,0.50985,-0.30213,1,0.476,0,0,-0.524
3.1874,0,0.49521,-0.29142,1,0.478,0,0,-0.522
3.3107,0,0.48056,-0.28071,1,0.48,0,0,-0.52
3.4339,0,0.46591,-0.27,1,0.482,0,0,-0.518
3.5572,0,0.45126,-0.25929,1,0.484,0,0,-0.516
3.6805,0,0.43661,-0.24857,1,0.486,0,0,-0.514
3.8038,0,0.42197,-0.23786,1,0.488,0,0,-0.512
3.9519,0,0.4061,-0.22399,1,0.49,0,0,-0.51
4.1199,0,0.38926,-0.20756,1,0.492,0,0,-0.508
4.288,0,0.37242,-0.19114,1,0.494,0,0,-0.506
4.456,0,0.35558,-0.17471,1,0.496,0,0,-0.504
4.6241,0,0.33874,-0.15829,1,0.498,0,0,-0.502
4.7922,0,0.3219,-0.14186,1,0.5,0,0,-0.5
4.9602,0,0.30507,-0.12544,1,0.502,0,0,-0.498
5.1283,0,0.28823,-0.10901,1,0.504,0,0,-0.496
5.2963,0,0.27139,-0.09259,1,0.506,0,0,-0.494
5.4644,0,0.25455,-0.076166,1,0.508,0,0,-0.492
5.6325,0,0.23771,-0.059741,1,0.51,0,0,-0.49
5.824,0,0.22047,-0.040252,1,0.512,0,0,-0.488
6.045,0,0.20274,-0.016914,1,0.514,0,0,-0.486
6.266,0,0.18501,0.0064237,1,0.516,0,0,-0.484
6.487,0,0.16728,0.029762,1,0.518,0,0,-0.482
6.708,0,0.14954,0.0531,1,0.52,0,0,-0.48
6.929,0,0.13181,0.076438,1,0.522,0,0,-0.478
7.15,0,0.11408,0.099776,1,0.524,0,0,-0.476
7.371,0,0.096348,0.12311,1,0.526,0,0,-0.474
7.592,0,0.078615,0.14645,1,0.528,0,0,-0.472
7.813,0,0.060883,0.16979,1,0.53,0,0,-0.47
8.0341,0,0.043151,0.19313,1,0.532,0,0,-0.468
8.2751,0,0.025722,0.2187,1,0.534,0,0,-0.466
8.5565,0,0.0089028,0.24876,1,0.536,0,0,-0.464
8.838,0,-0.0079165,0.27881,1,0.538,0,0,-0.462
9.1194,0,-0.024736,0.30887,1,0.54,0,0,-0.46
9.4008,0,-0.041556,0.33893,1,0.542,0,0,-0.458
9.6822,0,-0.058375,0.36899,1,0.544,0,0,-0.456
9.9636,0,-0.075195,0.39904,1,0.546,0,0,-0.454
10.245,0,-0.092014,0.4291,1,0.548,0,0,-0.452
10.526,0,-0.10883,0.45916,1,0.55,0,0,-0.45
10.808,0,-0.12565,0.48921,1,0.552,0,0,-0.448
11.089,0,-0.14247,0.51927,1,0.554,0,0,-0.446
11.385,0,-0.15847,0.55106,1,0.556,0,0,-0.444
11.731,0,-0.17158,0.58893,1,0.558,0,0,-0.442
12.076,0,-0.18469,0.6268,1,0.56,0,0,-0.44
12.422,0,-0.19779,0.66467,1,0.562,0,0,-0.438
12.768,0,-0.2109,0.70254,1,0.564,0,0,-0.436
13.114,0,-0.22401,0.74041,1,0.566,0,0,-0.434
13.46,0,-0.23712,0.77828,1,0.568,0,0,-0.432
13.805,0,-0.25023,0.81615,1,0.57,0,0,-0.43
14.151,0,-0.26333,0.85403,1,0.572,0,0,-0.428
14.497,0,-0.27644,0.8919,1,0.574,0,0,-0.426
14.843,0,-0.28955,0.92977,1,0.576,0,0,-0.424
15.195,0,-0.30198,0.96751,1,0.578,0,0,-0.422
15.599,0,-0.30889,1.0043,1,0.58,0,0,-0.42
16.003,0,-0.31581,1.041,1,0.582,0,0,-0.418
16.407,0,-0.32273,1.0778,1,0.584,0,0,-0.416
16.811,0,-0.32965,1.1145,1,0.586,0,0,-0.414
17.215,0,-0.33657,1.1513,1,0.588,0,0,-0.412
17.62,0,-0.34349,1.188,1,0.59,0,0,-0.41
18.024,0,-0.35041,1.2248,1,0.592,0,0,-0.408
18.428,0,-0.35732,1.2615,1,0.594,0,0,-0.406
18.832,0,-0.36424,1.2983,1,0.596,0,0,-0.404
19.236,0,-0.37116,1.335,1,0.598,0,0,-0.402
19.64,0,-0.37808,1.3718,1,0.6,0,0,-0.4
20.069,0,-0.3747,1.4143,1,0.602,0,0,-0.398
20.498,0,-0.37131,1.4569,1,0.604,0,0,-0.396
20.927,0,-0.36792,1.4994,1,0.606,0,0,-0.394
21.356,0,-0.36454,1.542,1,0.608,0,0,-0.392
21.785,0,-0.36115,1.5846,1,0.61,0,0,-0.39
22.215,0,-0.35777,1.6271,1,0.612,0,0,-0.388
22.644,0,-0.35438,1.6697,1,0.614,0,0,-0.386
23.073,0,-0.35099,1.7122,1,0.616,0,0,-0.384
23.502,0,-0.34761,1.7548,1,0.618,0,0,-0.382
23.931,0,-0.34422,1.7974,1,0.62,0,0,-0.38
24.36,0,-0.34083,1.8399,1,0.622,0,0,-0.378
24.712,0,-0.33083,1.8712,1,0.624,0,0,-0.376
25.055,0,-0.32001,1.9011,1,0.626,0,0,-0.374
25.398,0,-0.30918,1.931,1,0.628,0,0,-0.372
25.741,0,-0.29835,1.9608,1,0.63,0,0,-0.37
26.084,0,-0.28752,1.9907,1,0.632,0,0,-0.368
26.427,0,-0.27669,2.0206,1,0.634,0,0,-0.366
26.769,0,-0.26587,2.0504,1,0.636,0,0,-0.364
27.112,0,-0.25504,2.0803,1,0.638,0,0,-0.362
27.455,0,-0.24421,2.1102,1,0.64,0,0,-0.36
27.798,0,-0.23338,2.1401,1,0.642,0,0,-0.358
28.141,0,-0.22255,2.1699,1,0.644,0,0,-0.356
28.34,0,-0.21492,2.1818,1,0.646,0,0,-0.354
28.499,0,-0.2082,2.1884,1,0.648,0,0,-0.352
28.657,0,-0.20147,2.1951,1,0.65,0,0,-0.35
28.816,0,-0.19475,2.2017,1,0.652,0,0,-0.348
28.974,0,-0.18803,2.2084,1,0.654,0,0,-0.346
29.133,0,-0.18131,2.215,1,0.656,0,0,-0.344
29.291,0,-0.17459,2.2217,1,0.658,0,0,-0.342
29.449,0,-0.16787,2.2283,1,0.66,0,0,-0.34
29.608,0,-0.16114,2.235,1,0.662,0,0,-0.338
29.766,0,-0.15442,2.2416,1,0.664,0,0,-0.336
29.925,0,-0.1477,2.2483,1,0.666,0,0,-0.334
30,0,-0.14446,2.2541,1,0.668,0,0,-0.332
30.033,0,-0.14297,2.2595,1,0.67,0,0,-0.33
30.066,0,-0.14147,2.2649,1,0.672,0,0,-0.328
30.099,0,-0.13997,2.2702,1,0.674,0,0,-0.326
30.133,0,-0.13847,2.2756,1,0.676,0,0,-0.324
30.166,0,-0.13698,2.281,1,0.678,0,0,-0.322
30.199,0,-0.13548,2.2864,1,0.68,0,0,-0.32
30.232,0,-0.13398,2.2918,1,0.682,0,0,-0.318
30.265,0,-0.13249,2.2972,1,0.684,0,0,-0.316
30.298,0,-0.13099,2.3026,1,0.686,0,0,-0.314
30.332,0,-0.12949,2.308,1,0.688,0,0,-0.312
30.348,0,-0.12831,2.3127,1,0.69,0,0,-0.31
30.352,0,-0.12737,2.3169,1,0.692,0,0,-0.308
30.356,0,-0.12644,2.3212,1,0.694,0,0,-0.306
30.359,0,-0.1255,2.3254,1,0.696,0,0,-0.304
30.363,0,-0.12457,2.3296,1,0.698,0,0,-0.302
30.366,0,-0.12363,2.3339,1,0.7,0,0,-0.3
30.37,0,-0.12269,2.3381,1,0.702,0,0,-0.298
30.374,0,-0.12176,2.3423,1,0.704,0,0,-0.296
30.377,0,-0.12082,2.3466,1,0.706,0,0,-0.294
30.381,0,-0.11989,2.3508,1,0.708,0,0,-0.292
30.385,0,-0.11895,2.355,1,0.71,0,0,-0.29
30.387,0,-0.11805,2.3595,1,0.712,0,0,-0.288
30.387,0,-0.1172,2.3643,1,0.714,0,0,-0.286
30.387,0,-0.11635,2.3691,1,0.716,0,0,-0.284
30.388,0,-0.1155,2.3738,1,0.718,0,0,-0.282
30.388,0,-0.11465,2.3786,1,0.72,0,0,-0.28
30.388,0,-0.1138,2.3834,1,0.722,0,0,-0.278
30.388,0,-0.11295,2.3882,1,0.724,0,0,-0.276
30.389,0,-0.1121,2.393,1,0.726,0,0,-0.274
30.389,0,-0.11125,2.3978,1,0.728,0,0,-0.272
30.389,0,-0.1104,2.4025,1,0.73,0,0,-0.27
30.389,0,-0.10955,2.4073,1,0.732,0,0,-0.268
30.39,0,-0.10867,2.4118,1,0.734,0,0,-0.266
30.39,0,-0.10773,2.4155,1,0.736,0,0,-0.264
30.39,0,-0.10679,2.4193,1,0.738,0,0,-0.262
30.39,0,-0.10585,2.423,1,0.74,0,0,-0.26
30.39,0,-0.10491,2.4267,1,0.742,0,0,-0.258
30.39,0,-0.10397,2.4305,1,0.744,0,0,-0.256
30.39,0,-0.10303,2.4342,1,0.746,0,0,-0.254
30.39,0,-0.10209,2.438,1,0.748,0,0,-0.252
30.391,0,-0.10115,2.4417,1,0.75,0,0,-0.25
30.391,0,-0.10021,2.4455,1,0.752,0,0,-0.248
30.391,0,-0.099267,2.4492,1,0.754,0,0,-0.246
30.391,0,-0.098325,2.453,1,0.756,0,0,-0.244
30.391,0,-0.097373,2.4567,1,0.758,0,0,-0.242
30.391,0,-0.096421,2.4605,1,0.76,0,0,-0.24
30.391,0,-0.095468,2.4642,1,0.762,0,0,-0.238
30.391,0,-0.094516,2.468,1,0.764,0,0,-0.236
30.391,0,-0.093564,2.4718,1,0.766,0,0,-0.234
30.391,0,-0.092612,2.4755,1,0.768,0,0,-0.232
30.391,0,-0.09166,2.4793,1,0.77,0,0,-0.23
30.391,0,-0.090708,2.483,1,0.772,0,0,-0.228
30.391,0,-0.089756,2.4868,1,0.774,0,0,-0.226
30.391,0,-0.088804,2.4905,1,0.776,0,0,-0.224
30.391,0,-0.087858,2.4943,1,0.778,0,0,-0.222
30.391,0,-0.086962,2.4976,1,0.78,0,0,-0.22
30.391,0,-0.086066,2.501,1,0.782,0,0,-0.218
30.391,0,-0.085169,2.5044,1,0.784,0,0,-0.216
30.391,0,-0.084273,2.5077,1,0.786,0,0,-0.214
30.391,0,-0.083377,2.5111,1,0.788,0,0,-0.212
30.391,0,-0.082481,2.5145,1,0.79,0,0,-0.21
30.391,0,-0.081584,2.5178,1,0.792,0,0,-0.208
30.391,0,-0.080688,2.5212,1,0.794,0,0,-0.206
30.391,0,-0.079792,2.5246,1,0.796,0,0,-0.204
30.391,0,-0.078896,2.5279,1,0.798,0,0,-0.202
30.391,0,-0.077999,2.5313,1,0.8,0,0,-0.2
30.391,0,-0.077114,2.5343,1,0.802,0,0,-0.198
30.391,0,-0.076228,2.5373,1,0.804,0,0,-0.196
30.391,0,-0.075343,2.5403,1,0.806,0,0,-0.194
30.391,0,-0.074457,2.5432,1,0.808,0,0,-0.192
30.391,0,-0.073572,2.5462,1,0.81,0,0,-0.19
30.391,0,-0.072687,2.5492,1,0.812,0,0,-0.188
30.391,0,-0.071801,2.5522,1,0.814,0,0,-0.186
30.39,0,-0.070916,2.5552,1,0.816,0,0,-0.184
30.39,0,-0.07003,2.5582,1,0.818,0,0,-0.182
30.39,0,-0.069145,2.5611,1,0.82,0,0,-0.18
30.39,0,-0.068259,2.5641,1,0.822,0,0,-0.178
30.39,0,-0.067434,2.5669,1,0.824,0,0,-0.176
30.39,0,-0.066617,2.5697,1,0.826,0,0,-0.174
30.39,0,-0.065799,2.5724,1,0.828,0,0,-0.172
30.389,0,-0.064982,2.5752,1,0.83,0,0,-0.17
30.389,0,-0.064164,2.5779,1,0.832,0,0,-0.168
30.389,0,-0.063347,2.5807,1,0.834,0,0,-0.166
30.389,0,-0.062529,2.5834,1,0.836,0,0,-0.164
30.389,0,-0.061712,2.5862,1,0.838,0,0,-0.162
30.389,0,-0.060894,2.5889,1,0.84,0,0,-0.16
30.388,0,-0.060076,2.5917,1,0.842,0,0,-0.158
30.388,0,-0.059259,2.5945,1,0.844,0,0,-0.156
30.388,0,-0.058454,2.5969,1,0.846,0,0,-0.154
30.388,0,-0.057652,2.5992,1,0.848,0,0,-0.152
30.387,0,-0.05685,2.6015,1,0.85,0,0,-0.15
30.387,0,-0.056048,2.6038,1,0.852,0,0,-0.148
30.387,0,-0.055246,2.6061,1,0.854,0,0,-0.146
30.387,0,-0.054444,2.6084,1,0.856,0,0,-0.144
30.386,0,-0.053642,2.6108,1,0.858,0,0,-0.142
30.386,0,-0.052841,2.6131,1,0.86,0,0,-0.14
30.386,0,-0.052039,2.6154,1,0.862,0,0,-0.138
30.386,0,-0.051237,2.6177,1,0.864,0,0,-0.136
30.386,0,-0.050435,2.62,1,0.866,0,0,-0.134
30.385,0,-0.049659,2.6222,1,0.868,0,0,-0.132
30.385,0,-0.048897,2.6242,1,0.87,0,0,-0.13
30.385,0,-0.048135,2.6262,1,0.872,0,0,-0.128
30.385,0,-0.047372,2.6283,1,0.874,0,0,-0.126
30.384,0,-0.04661,2.6303,1,0.876,0,0,-0.124
30.384,0,-0.045847,2.6324,1,0.878,0,0,-0.122
30.384,0,-0.045085,2.6344,1,0.88,0,0,-0.12
30.383,0,-0.044322,2.6365,1,0.882,0,0,-0.118
30.383,0,-0.04356,2.6385,1,0.884,0,0,-0.116
30.383,0,-0.042798,2.6406,1,0.886,0,0,-0.114
30.383,0,-0.042035,2.6426,1,0.888,0,0,-0.112
30.382,0,-0.041278,2.6444,1,0.89,0,0,-0.11
30.382,0,-0.040526,2.6461,1,0.892,0,0,-0.108
30.382,0,-0.039774,2.6477,1,0.894,0,0,-0.106
30.382,0,-0.039022,2.6493,1,0.896,0,0,-0.104
30.381,0,-0.03827,2.651,1,0.898,0,0,-0.102
30.381,0,-0.037517,2.6526,1,0.9,0,0,-0.1
30.381,0,-0.036765,2.6542,1,0.902,0,0,-0.098
30.381,0,-0.036013,2.6559,1,0.904,0,0,-0.096
30.38,0,-0.035261,2.6575,1,0.906,0,0,-0.094
30.38,0,-0.034509,2.6592,1,0.908,0,0,-0.092
30.38,0,-0.033756,2.6608,1,0.91,0,0,-0.09
30.38,0,-0.033012,2.6623,1,0.912,0,0,-0.088
30.379,0,-0.032276,2.6636,1,0.914,0,0,-0.086
30.379,0,-0.031541,2.6649,1,0.916,0,0,-0.084
30.379,0,-0.030805,2.6662,1,0.918,0,0,-0.082
30.379,0,-0.03007,2.6675,1,0.92,0,0,-0.08
30.379,0,-0.029334,2.6688,1,0.922,0,0,-0.078
30.378,0,-0.028599,2.6701,1,0.924,0,0,-0.076
30.378,0,-0.027863,2.6715,1,0.926,0,0,-0.074
30.378,0,-0.027127,2.6728,1,0.928,0,0,-0.072
30.378,0,-0.026392,2.6741,1,0.93,0,0,-0.07
30.377,0,-0.025656,2.6754,1,0.932,0,0,-0.068
30.377,0,-0.024922,2.6766,1,0.934,0,0,-0.066
30.377,0,-0.024191,2.6775,1,0.936,0,0,-0.064
30.377,0,-0.02346,2.6784,1,0.938,0,0,-0.062
30.377,0,-0.022729,2.6793,1,0.94,0,0,-0.06
30.377,0,-0.021997,2.6802,1,0.942,0,0,-0.058
30.376,0,-0.021266,2.6812,1,0.944,0,0,-0.056
30.376,0,-0.020535,2.6821,1,0.946,0,0,-0.054
30.376,0,-0.019804,2.683,1,0.948,0,0,-0.052
30.376,0,-0.019073,2.6839,1,0.95,0,0,-0.05
30.376,0,-0.018341,2.6848,1,0.952,0,0,-0.048
30.375,0,-0.01761,2.6858,1,0.954,0,0,-0.046
30.375,0,-0.01688,2.6866,1,0.956,0,0,-0.044
30.375,0,-0.016154,2.6872,1,0.958,0,0,-0.042
30.375,0,-0.015427,2.6877,1,0.96,0,0,-0.04
30.375,0,-0.014701,2.6883,1,0.962,0,0,-0.038
30.375,0,-0.013975,2.6889,1,0.964,0,0,-0.036
30.375,0,-0.013248,2.6894,1,0.966,0,0,-0.034
30.375,0,-0.012522,2.69,1,0.968,0,0,-0.032
30.375,0,-0.011796,2.6905,1,0.97,0,0,-0.03
30.374,0,-0.011069,2.6911,1,0.972,0,0,-0.028
30.374,0,-0.010343,2.6917,1,0.974,0,0,-0.026
30.374,0,-0.0096166,2.6922,1,0.976,0,0,-0.024
30.374,0,-0.0088903,2.6927,1,0.978,0,0,-0.022
30.374,0,-0.0081643,2.6929,1,0.98,0,0,-0.02
30.374,0,-0.0074382,2.6931,1,0.982,0,0,-0.018
30.374,0,-0.0067122,2.6933,1,0.984,0,0,-0.016
30.374,0,-0.0059862,2.6935,1,0.986,0,0,-0.014
30.374,0,-0.0052601,2.6936,1,0.988,0,0,-0.012
30.374,0,-0.0045341,2.6938,1,0.99,0,0,-0.01
30.374,0,-0.003808,2.694,1,0.992,0,0,-0.008
30.374,0,-0.003082,2.6942,1,0.994,0,0,-0.006
30.374,0,-0.0023559,2.6943,1,0.996,0,0,-0.004
30.374,0,-0.0016299,2.6945,1,0.998,0,0,-0.002
30.374,0,-0.00090383,2.6947,1,1,0,0,0
30.374,0,-0.00017653,2.6945,1,1.002,0,0,0.002
30.374,0,0.00055077,2.6943,1,1.004,0,0,0.004
30.374,0,0.0012781,2.6941,1,1.006,0,0,0.006
30.374,0,0.0020054,2.6939,1,1.008,0,0,0.008
30.374,0,0.0027327,2.6937,1,1.01,0,0,0.01
30.374,0,0.00346,2.6936,1,1.012,0,0,0.012
30.374,0,0.0041872,2.6934,1,1.014,0,0,0.014
30.374,0,0.0049145,2.6932,1,1.016,0,0,0.016
30.374,0,0.0056418,2.693,1,1.018,0,0,0.018
30.374,0,0.0063691,2.6928,1,1.02,0,0,0.02
30.374,0,0.0070964,2.6926,1,1.022,0,0,0.022
30.374,0,0.0078262,2.6921,1,1.024,0,0,0.024
30.374,0,0.0085563,2.6915,1,1.026,0,0,0.026
30.374,0,0.0092864,2.6909,1,1.028,0,0,0.028
30.375,0,0.010016,2.6903,1,1.03,0,0,0.03
30.375,0,0.010747,2.6898,1,1.032,0,0,0.032
30.375,0,0.011477,2.6892,1,1.034,0,0,0.034
30.375,0,0.012207,2.6886,1,1.036,0,0,0.036
30.375,0,0.012937,2.688,1,1.038,0,0,0.038
30.375,0,0.013667,2.6875,1,1.04,0,0,0.04
30.375,0,0.014397,2.6869,1,1.042,0,0,0.042
30.375,0,0.015127,2.6863,1,1.044,0,0,0.044
30.375,0,0.015863,2.6855,1,1.046,0,0,0.046
30.376,0,0.0166,2.6845,1,1.048,0,0,0.048
30.376,0,0.017338,2.6836,1,1.05,0,0,0.05
30.376,0,0.018075,2.6827,1,1.052,0,0,0.052
30.376,0,0.018813,2.6817,1,1.054,0,0,0.054
30.376,0,0.01955,2.6808,1,1.056,0,0,0.056
30.377,0,0.020288,2.6799,1,1.058,0,0,0.058
30.377,0,0.021025,2.6789,1,1.06,0,0,0.06
30.377,0,0.021763,2.678,1,1.062,0,0,0.062
30.377,0,0.0225,2.6771,1,1.064,0,0,0.064
30.377,0,0.023238,2.6761,1,1.066,0,0,0.066
30.377,0,0.02398,2.6749,1,1.068,0,0,0.068
30.378,0,0.024724,2.6736,1,1.07,0,0,0.07
30.378,0,0.025469,2.6723,1,1.072,0,0,0.072
30.378,0,0.026213,2.671,1,1.074,0,0,0.074
30.378,0,0.026957,2.6696,1,1.076,0,0,0.076
30.379,0,0.027702,2.6683,1,1.078,0,0,0.078
30.379,0,0.028446,2.667,1,1.08,0,0,0.08
30.379,0,0.02919,2.6657,1,1.082,0,0,0.082
30.379,0,0.029934,2.6643,1,1.084,0,0,0.084
30.379,0,0.030679,2.663,1,1.086,0,0,0.086
30.38,0,0.031423,2.6617,1,1.088,0,0,0.088
30.38,0,0.032178,2.6602,1,1.09,0,0,0.09
30.38,0,0.032942,2.6585,1,1.092,0,0,0.092
30.38,0,0.033705,2.6569,1,1.094,0,0,0.094
30.381,0,0.034469,2.6552,1,1.096,0,0,0.096
30.381,0,0.035232,2.6536,1,1.098,0,0,0.098
30.381,0,0.035996,2.6519,1,1.1,0,0,0.1
30.381,0,0.036759,2.6503,1,1.102,0,0,0.102
30.382,0,0.037523,2.6486,1,1.104,0,0,0.104
30.382,0,0.038287,2.647,1,1.106,0,0,0.106
30.382,0,0.03905,2.6453,1,1.108,0,0,0.108
30.382,0,0.039814,2.6437,1,1.11,0,0,0.11
30.383,0,0.040583,2.6418,1,1.112,0,0,0.112
30.383,0,0.041359,2.6398,1,1.114,0,0,0.114
30.383,0,0.042136,2.6377,1,1.116,0,0,0.116
30.384,0,0.042912,2.6356,1,1.118,0,0,0.118
30.384,0,0.043688,2.6336,1,1.12,0,0,0.12
30.384,0,0.044464,2.6315,1,1.122,0,0,0.122
30.384,0,0.045241,2.6294,1,1.124,0,0,0.124
30.385,0,0.046017,2.6274,1,1.126,0,0,0.126
30.385,0,0.046793,2.6253,1,1.128,0,0,0.128
30.385,0,0.04757,2.6233,1,1.13,0,0,0.13
30.385,0,0.048346,2.6212,1,1.132,0,0,0.132
30.386,0,0.049136,2.619,1,1.134,0,0,0.134
30.386,0,0.049954,2.6167,1,1.136,0,0,0.136
30.386,0,0.050772,2.6144,1,1.138,0,0,0.138
30.386,0,0.05159,2.612,1,1.14,0,0,0.14
30.387,0,0.052408,2.6097,1,1.142,0,0,0.142
30.387,0,0.053226,2.6074,1,1.144,0,0,0.144
30.387,0,0.054045,2.605,1,1.146,0,0,0.146
30.387,0,0.054863,2.6027,1,1.148,0,0,0.148
30.387,0,0.055681,2.6004,1,1.15,0,0,0.15
30.388,0,0.056499,2.598,1,1.152,0,0,0.152
30.388,0,0.057317,2.5957,1,1.154,0,0,0.154
30.388,0,0.058139,2.5933,1,1.156,0,0,0.156
30.388,0,0.058975,2.5905,1,1.158,0,0,0.158
30.389,0,0.059811,2.5877,1,1.16,0,0,0.16
30.389,0,0.060646,2.585,1,1.162,0,0,0.162
30.389,0,0.061482,2.5822,1,1.164,0,0,0.164
30.389,0,0.062318,2.5794,1,1.166,0,0,0.166
30.389,0,0.063154,2.5766,1,1.168,0,0,0.168
30.389,0,0.06399,2.5738,1,1.17,0,0,0.17
30.39,0,0.064826,2.5711,1,1.172,0,0,0.172
30.39,0,0.065661,2.5683,1,1.174,0,0,0.174
30.39,0,0.066497,2.5655,1,1.176,0,0,0.176
30.39,0,0.067341,2.5627,1,1.178,0,0,0.178
30.39,0,0.068247,2.5597,1,1.18,0,0,0.18
30.39,0,0.069152,2.5567,1,1.182,0,0,0.182
30.39,0,0.070058,2.5537,1,1.184,0,0,0.184
30.391,0,0.070964,2.5507,1,1.186,0,0,0.186
30.391,0,0.071869,2.5477,1,1.188,0,0,0.188
30.391,0,0.072775,2.5447,1,1.19,0,0,0.19
30.391,0,0.073681,2.5417,1,1.192,0,0,0.192
30.391,0,0.074587,2.5387,1,1.194,0,0,0.194
30.391,0,0.075492,2.5357,1,1.196,0,0,0.196
30.391,0,0.076398,2.5327,1,1.198,0,0,0.198
30.391,0,0.077304,2.5297,1,1.2,0,0,0.2
30.391,0,0.078222,2.5263,1,1.202,0,0,0.202
30.391,0,0.07914,2.5229,1,1.204,0,0,0.204
30.391,0,0.080059,2.5195,1,1.206,0,0,0.206
30.391,0,0.080977,2.5161,1,1.208,0,0,0.208
30.391,0,0.081895,2.5127,1,1.21,0,0,0.21
30.391,0,0.082813,2.5093,1,1.212,0,0,0.212
30.391,0,0.083732,2.5059,1,1.214,0,0,0.214
30.391,0,0.08465,2.5025,1,1.216,0,0,0.216
30.391,0,0.085568,2.4991,1,1.218,0,0,0.218
30.392,0,0.086486,2.4957,1,1.22,0,0,0.22
30.392,0,0.087405,2.4924,1,1.222,0,0,0.222
30.391,0,0.088375,2.4886,1,1.224,0,0,0.224
30.391,0,0.089352,2.4848,1,1.226,0,0,0.226
30.391,0,0.090329,2.481,1,1.228,0,0,0.228
30.391,0,0.091306,2.4773,1,1.23,0,0,0.23
30.391,0,0.092283,2.4735,1,1.232,0,0,0.232
30.391,0,0.09326,2.4697,1,1.234,0,0,0.234
30.391,0,0.094237,2.4659,1,1.236,0,0,0.236
30.391,0,0.095214,2.4621,1,1.238,0,0,0.238
30.391,0,0.096191,2.4584,1,1.24,0,0,0.24
30.391,0,0.097168,2.4546,1,1.242,0,0,0.242
30.391,0,0.098145,2.4508,1,1.244,0,0,0.244
30.391,0,0.099116,2.447,1,1.246,0,0,0.246
30.391,0,0.10009,2.4432,1,1.248,0,0,0.248
30.391,0,0.10105,2.4395,1,1.25,0,0,0.25
30.391,0,0.10202,2.4357,1,1.252,0,0,0.252
30.391,0,0.10299,2.4319,1,1.254,0,0,0.254
30.391,0,0.10396,2.4281,1,1.256,0,0,0.256
30.391,0,0.10493,2.4244,1,1.258,0,0,0.258
30.39,0,0.1059,2.4206,1,1.26,0,0,0.26
30.39,0,0.10687,2.4168,1,1.262,0,0,0.262
30.39,0,0.10784,2.413,1,1.264,0,0,0.264
30.39,0,0.10881,2.4093,1,1.266,0,0,0.266
30.39,0,0.10972,2.4048,1,1.268,0,0,0.268
30.39,0,0.11061,2.4,1,1.27,0,0,0.27
30.389,0,0.11149,2.3952,1,1.272,0,0,0.272
30.389,0,0.11238,2.3904,1,1.274,0,0,0.274
30.389,0,0.11327,2.3855,1,1.276,0,0,0.276
30.389,0,0.11415,2.3807,1,1.278,0,0,0.278
30.388,0,0.11504,2.3759,1,1.28,0,0,0.28
30.388,0,0.11592,2.3711,1,1.282,0,0,0.282
30.388,0,0.11681,2.3663,1,1.284,0,0,0.284
30.388,0,0.1177,2.3615,1,1.286,0,0,0.286
30.387,0,0.11858,2.3567,1,1.288,0,0,0.288
30.385,0,0.11952,2.3522,1,1.29,0,0,0.29
30.382,0,0.12049,2.3479,1,1.292,0,0,0.292
30.378,0,0.12146,2.3436,1,1.294,0,0,0.294
30.374,0,0.12243,2.3394,1,1.296,0,0,0.296
30.371,0,0.1234,2.3351,1,1.298,0,0,0.298
30.367,0,0.12438,2.3309,1,1.3,0,0,0.3
30.364,0,0.12535,2.3266,1,1.302,0,0,0.302
30.36,0,0.12632,2.3223,1,1.304,0,0,0.304
30.356,0,0.12729,2.3181,1,1.306,0,0,0.306
30.353,0,0.12827,2.3138,1,1.308,0,0,0.308
30.349,0,0.12924,2.3096,1,1.31,0,0,0.31
30.332,0,0.13045,2.3048,1,1.312,0,0,0.312
30.299,0,0.13196,2.2994,1,1.314,0,0,0.314
30.266,0,0.13347,2.2939,1,1.316,0,0,0.316
30.233,0,0.13498,2.2885,1,1.318,0,0,0.318
30.2,0,0.13649,2.2831,1,1.32,0,0,0.32
30.166,0,0.138,2.2776,1,1.322,0,0,0.322
30.133,0,0.13951,2.2722,1,1.324,0,0,0.324
30.1,0,0.14102,2.2668,1,1.326,0,0,0.326
30.067,0,0.14253,2.2614,1,1.328,0,0,0.328
30.034,0,0.14403,2.2559,1,1.33,0,0,0.33
30,0,0.14554,2.2505,1,1.332,0,0,0.332
29.925,0,0.14878,2.2447,1,1.334,0,0,0.334
29.767,0,0.15547,2.238,1,1.336,0,0,0.336
29.609,0,0.16217,2.2313,1,1.338,0,0,0.338
29.45,0,0.16886,2.2246,1,1.34,0,0,0.34
29.292,0,0.17555,2.2179,1,1.342,0,0,0.342
29.133,0,0.18224,2.2112,1,1.344,0,0,0.344
28.975,0,0.18893,2.2046,1,1.346,0,0,0.346
28.817,0,0.19562,2.1979,1,1.348,0,0,0.348
28.658,0,0.20231,2.1912,1,1.35,0,0,0.35
28.5,0,0.209,2.1845,1,1.352,0,0,0.352
28.341,0,0.2157,2.1778,1,1.354,0,0,0.354
28.142,0,0.2233,2.166,1,1.356,0,0,0.356
27.799,0,0.2341,2.1362,1,1.358,0,0,0.358
27.457,0,0.2449,2.1063,1,1.36,0,0,0.36
27.114,0,0.2557,2.0765,1,1.362,0,0,0.362
26.771,0,0.2665,2.0467,1,1.364,0,0,0.364
26.429,0,0.2773,2.0168,1,1.366,0,0,0.366
26.086,0,0.2881,1.987,1,1.368,0,0,0.368
25.744,0,0.2989,1.9572,1,1.37,0,0,0.37
25.401,0,0.3097,1.9273,1,1.372,0,0,0.372
25.058,0,0.3205,1.8975,1,1.374,0,0,0.374
24.716,0,0.3313,1.8676,1,1.376,0,0,0.376
24.363,0,0.34128,1.8364,1,1.378,0,0,0.378
23.935,0,0.34467,1.7939,1,1.38,0,0,0.38
23.506,0,0.34807,1.7513,1,1.382,0,0,0.382
23.077,0,0.35146,1.7088,1,1.384,0,0,0.384
22.648,0,0.35486,1.6663,1,1.386,0,0,0.386
22.219,0,0.35825,1.6238,1,1.388,0,0,0.388
21.79,0,0.36165,1.5812,1,1.39,0,0,0.39
21.361,0,0.36504,1.5387,1,1.392,0,0,0.392
20.932,0,0.36844,1.4962,1,1.394,0,0,0.394
20.503,0,0.37183,1.4536,1,1.396,0,0,0.396
20.074,0,0.37523,1.4111,1,1.398,0,0,0.398
19.645,0,0.37862,1.3686,1,1.4,0,0,0.4
19.241,0,0.37172,1.3319,1,1.402,0,0,0.402
18.837,0,0.36481,1.2951,1,1.404,0,0,0.404
18.433,0,0.35791,1.2584,1,1.406,0,0,0.406
18.029,0,0.35101,1.2216,1,1.408,0,0,0.408
17.625,0,0.3441,1.1849,1,1.41,0,0,0.41
17.221,0,0.3372,1.1482,1,1.412,0,0,0.412
16.817,0,0.3303,1.1114,1,1.414,0,0,0.414
16.413,0,0.3234,1.0747,1,1.416,0,0,0.416
16.009,0,0.31649,1.0379,1,1.418,0,0,0.418
15.605,0,0.30959,1.0012,1,1.42,0,0,0.42
15.201,0,0.30269,0.96446,1,1.422,0,0,0.422
14.848,0,0.29027,0.92673,1,1.424,0,0,0.424
14.503,0,0.27717,0.88887,1,1.426,0,0,0.426
14.157,0,0.26408,0.85102,1,1.428,0,0,0.428
13.811,0,0.25098,0.81316,1,1.43,0,0,0.43
13.465,0,0.23788,0.77531,1,1.432,0,0,0.432
13.119,0,0.22478,0.73746,1,1.434,0,0,0.434
12.774,0,0.21168,0.6996,1,1.436,0,0,0.436
12.428,0,0.19858,0.66175,1,1.438,0,0,0.438
12.082,0,0.18548,0.62389,1,1.44,0,0,0.44
11.736,0,0.17239,0.58604,1,1.442,0,0,0.442
11.39,0,0.15929,0.54818,1,1.444,0,0,0.444
11.095,0,0.1433,0.5164,1,1.446,0,0,0.446
10.813,0,0.12648,0.48635,1,1.448,0,0,0.448
10.532,0,0.10967,0.45629,1,1.45,0,0,0.45
10.25,0,0.092856,0.42624,1,1.452,0,0,0.452
9.969,0,0.076042,0.39618,1,1.454,0,0,0.454
9.6875,0,0.059229,0.36613,1,1.456,0,0,0.456
9.4061,0,0.042415,0.33607,1,1.458,0,0,0.458
9.1247,0,0.025602,0.30602,1,1.46,0,0,0.46
8.8433,0,0.0087882,0.27596,1,1.462,0,0,0.462
8.5619,0,-0.008025,0.24591,1,1.464,0,0,0.464
8.2804,0,-0.024838,0.21585,1,1.466,0,0,0.466
8.0393,0,-0.042262,0.19028,1,1.468,0,0,0.468
7.8183,0,-0.05999,0.16695,1,1.47,0,0,0.47
7.5973,0,-0.077718,0.14362,1,1.472,0,0,0.472
7.3763,0,-0.095446,0.12028,1,1.474,0,0,0.474
7.1553,0,-0.11317,0.09695,1,1.476,0,0,0.476
6.9343,0,-0.1309,0.073617,1,1.478,0,0,0.478
6.7133,0,-0.14863,0.050283,1,1.48,0,0,0.48
6.4923,0,-0.16636,0.02695,1,1.482,0,0,0.482
6.2713,0,-0.18409,0.0036164,1,1.484,0,0,0.484
6.0503,0,-0.20181,-0.019717,1,1.486,0,0,0.486
5.8293,0,-0.21954,-0.043051,1,1.488,0,0,0.488
5.6378,0,-0.23677,-0.062534,1,1.49,0,0,0.49
5.4698,0,-0.25361,-0.078953,1,1.492,0,0,0.492
5.3018,0,-0.27044,-0.095372,1,1.494,0,0,0.494
5.1338,0,-0.28728,-0.11179,1,1.496,0,0,0.496
4.9657,0,-0.30411,-0.12821,1,1.498,0,0,0.498
4.7977,0,-0.32094,-0.14463,1,1.5,0,0,0.5
4.6297,0,-0.33778,-0.16105,1,1.502,0,0,0.502
4.4616,0,-0.35461,-0.17747,1,1.504,0,0,0.504
4.2936,0,-0.37145,-0.19389,1,1.506,0,0,0.506
4.1256,0,-0.38828,-0.21031,1,1.508,0,0,0.508
3.9576,0,-0.40511,-0.22672,1,1.51,0,0,0.51
3.8095,0,-0.42097,-0.24059,1,1.512,0,0,0.512
3.6863,0,-0.43561,-0.2513,1,1.514,0,0,0.514
3.563,0,-0.45025,-0.262,1,1.516,0,0,0.516
3.4398,0,-0.46489,-0.2727,1,1.518,0,0,0.518
3.3166,0,-0.47953,-0.28341,1,1.52,0,0,0.52
3.1933,0,-0.49417,-0.29411,1,1.522,0,0,0.522
3.0701,0,-0.50881,-0.30481,1,1.524,0,0,0.524
2.9469,0,-0.52345,-0.31552,1,1.526,0,0,0.526
2.8237,0,-0.53809,-0.32622,1,1.528,0,0,0.528
2.7004,0,-0.55273,-0.33692,1,1.53,0,0,0.53
2.5772,0,-0.56737,-0.34763,1,1.532,0,0,0.532
2.4663,0,-0.58101,-0.35686,1,1.534,0,0,0.534
2.3801,0,-0.59266,-0.36316,1,1.536,0,0,0.536
2.2938,0,-0.60431,-0.36946,1,1.538,0,0,0.538
2.2075,0,-0.61596,-0.37577,1,1.54,0,0,0.54
2.1213,0,-0.62761,-0.38207,1,1.542,0,0,0.542
2.035,0,-0.63926,-0.38838,1,1.544,0,0,0.544
1.9487,0,-0.65091,-0.39468,1,1.546,0,0,0.546
1.8624,0,-0.66257,-0.40099,1,1.548,0,0,0.548
1.7762,0,-0.67422,-0.40729,1,1.55,0,0,0.55
1.6899,0,-0.68587,-0.4136,1,1.552,0,0,0.552
1.6036,0,-0.69752,-0.4199,1,1.554,0,0,0.554
1.5241,0,-0.70841,-0.42553,1,1.556,0,0,0.556
1.4677,0,-0.71667,-0.42881,1,1.558,0,0,0.558
1.4112,0,-0.72492,-0.4321,1,1.56,0,0,0.56
1.3548,0,-0.73318,-0.43538,1,1.562,0,0,0.562
1.2984,0,-0.74144,-0.43867,1,1.564,0,0,0.564
1.242,0,-0.7497,-0.44195,1,1.566,0,0,0.566
1.1856,0,-0.75796,-0.44524,1,1.568,0,0,0.568
1.1292,0,-0.76621,-0.44852,1,1.57,0,0,0.57
1.0728,0,-0.77447,-0.45181,1,1.572,0,0,0.572
1.0164,0,-0.78273,-0.4551,1,1.574,0,0,0.574
0.96003,0,-0.79099,-0.45838,1,1.576,0,0,0.576
0.90631,0,-0.79884,-0.46144,1,1.578,0,0,0.578
0.87351,0,-0.80357,-0.4627,1,1.58,0,0,0.58
0.84069,0,-0.8083,-0.46396,1,1.582,0,0,0.582
0.80789,0,-0.81303,-0.46523,1,1.584,0,0,0.584
0.77508,0,-0.81776,-0.46649,1,1.586,0,0,0.586
0.74227,0,-0.82249,-0.46776,1,1.588,0,0,0.588
0.70946,0,-0.82722,-0.46902,1,1.59,0,0,0.59
0.67665,0,-0.83195,-0.47029,1,1.592,0,0,0.592
0.64384,0,-0.83668,-0.47155,1,1.594,0,0,0.594
0.61103,0,-0.84141,-0.47282,1,1.596,0,0,0.596
0.57822,0,-0.84614,-0.47408,1,1.598,0,0,0.598
0.54547,0,-0.85086,-0.47534,1,1.6,0,0,0.6
0.53034,0,-0.85213,-0.47495,1,1.602,0,0,0.602
0.5152,0,-0.85341,-0.47456,1,1.604,0,0,0.604
0.50007,0,-0.85468,-0.47418,1,1.606,0,0,0.606
0.48494,0,-0.85595,-0.47379,1,1.608,0,0,0.608
0.46981,0,-0.85723,-0.4734,1,1.61,0,0,0.61
0.45468,0,-0.8585,-0.47301,1,1.612,0,0,0.612
0.43955,0,-0.85978,-0.47262,1,1.614,0,0,0.614
0.42442,0,-0.86105,-0.47223,1,1.616,0,0,0.616
0.40929,0,-0.86233,-0.47185,1,1.618,0,0,0.618
0.39416,0,-0.8636,-0.47146,1,1.62,0,0,0.62
0.37903,0,-0.86487,-0.47107,1,1.622,0,0,0.622
0.37355,0,-0.86395,-0.46982,1,1.624,0,0,0.624
0.36924,0,-0.86276,-0.46846,1,1.626,0,0,0.626
0.36492,0,-0.86158,-0.4671,1,1.628,0,0,0.628
0.3606,0,-0.86039,-0.46574,1,1.63,0,0,0.63
0.35629,0,-0.8592,-0.46438,1,1.632,0,0,0.632
0.35197,0,-0.85801,-0.46302,1,1.634,0,0,0.634
0.34765,0,-0.85683,-0.46166,1,1.636,0,0,0.636
0.34334,0,-0.85564,-0.4603,1,1.638,0,0,0.638
0.33902,0,-0.85445,-0.45894,1,1.64,0,0,0.64
0.3347,0,-0.85326,-0.45758,1,1.642,0,0,0.642
0.33039,0,-0.85208,-0.45622,1,1.644,0,0,0.644
0.32891,0,-0.85036,-0.45471,1,1.646,0,0,0.646
0.32823,0,-0.84849,-0.45316,1,1.648,0,0,0.648
0.32754,0,-0.84663,-0.45161,1,1.65,0,0,0.65
0.32686,0,-0.84476,-0.45006,1,1.652,0,0,0.652
0.32618,0,-0.8429,-0.44851,1,1.654,0,0,0.654
0.32549,0,-0.84104,-0.44696,1,1.656,0,0,0.656
0.32481,0,-0.83917,-0.44541,1,1.658,0,0,0.658
0.32412,0,-0.83731,-0.44386,1,1.66,0,0,0.66
0.32344,0,-0.83544,-0.44231,1,1.662,0,0,0.662
0.32276,0,-0.83358,-0.44076,1,1.664,0,0,0.664
0.32207,0,-0.83171,-0.43921,1,1.666,0,0,0.666
0.32149,1.8078e-07,-0.82994,-0.43767,1,1.668,0,0,0.668
0.32097,1.8572e-07,-0.82822,-0.43613,1,1.67,0,0,0.67
0.32044,1.9065e-07,-0.82649,-0.43459,1,1.672,0,0,0.672
0.31992,1.9558e-07,-0.82477,-0.43305,1,1.674,0,0,0.674
0.31939,2.0052e-07,-0.82304,-0.43152,1,1.676,0,0,0.676
0.31887,2.0545e-07,-0.82131,-0.42998,1,1.678,0,0,0.678
0.31834,2.1039e-07,-0.81959,-0.42844,1,1.68,0,0,0.68
0.31782,2.1532e-07,-0.81786,-0.4269,1,1.682,0,0,0.682
0.31729,2.2025e-07,-0.81614,-0.42536,1,1.684,0,0,0.684
0.31676,2.2519e-07,-0.81441,-0.42382,1,1.686,0,0,0.686
0.31624,2.3012e-07,-0.81269,-0.42229,1,1.688,0,0,0.688
0.31571,2.3505e-07,-0.81096,-0.42075,1,1.69,0,0,0.69
0.31519,2.3999e-07,-0.80924,-0.41921,1,1.692,0,0,0.692
0.31466,2.4492e-07,-0.80751,-0.41767,1,1.694,0,0,0.694
0.31414,2.4986e-07,-0.80579,-0.41613,1,1.696,0,0,0.696
0.31361,2.5479e-07,-0.80406,-0.41459,1,1.698,0,0,0.698
0.31309,2.5972e-07,-0.80234,-0.41306,1,1.7,0,0,0.7
0.31256,2.6466e-07,-0.80061,-0.41152,1,1.702,0,0,0.702
0.31204,2.6959e-07,-0.79888,-0.40998,1,1.704,0,0,0.704
0.31151,2.7452e-07,-0.79716,-0.40844,1,1.706,0,0,0.706
0.31099,2.7946e-07,-0.79543,-0.4069,1,1.708,0,0,0.708
0.31046,2.8439e-07,-0.79371,-0.40536,1,1.71,0,0,0.71
0.30993,0,-0.79202,-0.40387,1,1.712,0,0,0.712
0.30939,0,-0.79037,-0.40245,1,1.714,0,0,0.714
0.30885,0,-0.78873,-0.40102,1,1.716,0,0,0.716
0.30831,0,-0.78709,-0.3996,1,1.718,0,0,0.718
0.30777,0,-0.78545,-0.39817,1,1.72,0,0,0.72
0.30724,0,-0.7838,-0.39675,1,1.722,0,0,0.722
0.3067,0,-0.78216,-0.39533,1,1.724,0,0,0.724
0.30616,0,-0.78052,-0.3939,1,1.726,0,0,0.726
0.30562,0,-0.77888,-0.39248,1,1.728,0,0,0.728
0.30508,0,-0.77723,-0.39105,1,1.73,0,0,0.73
0.30454,0,-0.77559,-0.38963,1,1.732,0,0,0.732
0.30401,0,-0.77395,-0.3882,1,1.734,0,0,0.734
0.30347,0,-0.77231,-0.38678,1,1.736,0,0,0.736
0.30293,0,-0.77066,-0.38535,1,1.738,0,0,0.738
0.30239,0,-0.76902,-0.38393,1,1.74,0,0,0.74
0.30185,0,-0.76738,-0.3825,1,1.742,0,0,0.742
0.30131,0,-0.76574,-0.38108,1,1.744,0,0,0.744
0.30077,0,-0.76409,-0.37965,1,1.746,0,0,0.746
0.30024,0,-0.76245,-0.37823,1,1.748,0,0,0.748
0.2997,0,-0.76081,-0.3768,1,1.75,0,0,0.75
0.29916,0,-0.75917,-0.37538,1,1.752,0,0,0.752
0.29862,0,-0.75752,-0.37395,1,1.754,0,0,0.754
0.29808,-9.3735e-07,-0.75591,-0.37258,1,1.756,0,0,0.756
0.29754,-9.5362e-07,-0.7544,-0.37137,1,1.758,0,0,0.758
0.29701,-9.6989e-07,-0.75288,-0.37015,1,1.76,0,0,0.76
0.29647,-9.8617e-07,-0.75137,-0.36894,1,1.762,0,0,0.762
0.29593,-1.0024e-06,-0.74986,-0.36772,1,1.764,0,0,0.764
0.29539,-1.0187e-06,-0.74834,-0.36651,1,1.766,0,0,0.766
0.29485,-1.035e-06,-0.74683,-0.36529,1,1.768,0,0,0.768
0.29431,-1.0513e-06,-0.74531,-0.36408,1,1.77,0,0,0.77
0.29378,-1.0675e-06,-0.7438,-0.36286,1,1.772,0,0,0.772
0.29324,-1.0838e-06,-0.74228,-0.36165,1,1.774,0,0,0.774
0.2927,-1.1001e-06,-0.74077,-0.36044,1,1.776,0,0,0.776
0.29216,-1.1164e-06,-0.73926,-0.35922,1,1.778,0,0,0.778
0.29162,-1.1326e-06,-0.73774,-0.35801,1,1.78,0,0,0.78
0.29108,-1.1489e-06,-0.73623,-0.35679,1,1.782,0,0,0.782
0.29055,-1.1652e-06,-0.73471,-0.35558,1,1.784,0,0,0.784
0.29001,-1.1814e-06,-0.7332,-0.35436,1,1.786,0,0,0.786
0.28947,-1.1977e-06,-0.73168,-0.35315,1,1.788,0,0,0.788
0.28893,-1.214e-06,-0.73017,-0.35193,1,1.79,0,0,0.79
0.28839,-1.2303e-06,-0.72865,-0.35072,1,1.792,0,0,0.792
0.28785,-1.2465e-06,-0.72714,-0.3495,1,1.794,0,0,0.794
0.28732,-1.2628e-06,-0.72563,-0.34829,1,1.796,0,0,0.796
0.28678,-1.2791e-06,-0.72411,-0.34707,1,1.798,0,0,0.798
0.28624,-1.2954e-06,-0.7226,-0.34586,1,1.8,0,0,0.8
0.2857,-1.3116e-06,-0.72108,-0.34464,1,1.802,0,0,0.802
0.28516,-1.3279e-06,-0.71957,-0.34343,1,1.804,0,0,0.804
0.28462,-1.3442e-06,-0.71805,-0.34221,1,1.806,0,0,0.806
0.28409,-1.3605e-06,-0.71654,-0.341,1,1.808,0,0,0.808
0.28355,0,-0.71502,-0.33978,1,1.81,0,0,0.81
0.28301,0,-0.71351,-0.33857,1,1.812,0,0,0.812
0.28247,0,-0.71199,-0.33735,1,1.814,0,0,0.814
0.28193,0,-0.71048,-0.33614,1,1.816,0,0,0.816
0.28139,0,-0.70896,-0.33492,1,1.818,0,0,0.818
0.28086,0,-0.70745,-0.33371,1,1.82,0,0,0.82
0.28032,0,-0.70594,-0.33249,1,1.822,0,0,0.822
0.27978,0,-0.70442,-0.33128,1,1.824,0,0,0.824
0.27924,0,-0.70291,-0.33006,1,1.826,0,0,0.826
0.2787,0,-0.70139,-0.32885,1,1.828,0,0,0.828
0.27816,0,-0.69988,-0.32763,1,1.83,0,0,0.83
0.27763,0,-0.69836,-0.32642,1,1.832,0,0,0.832
0.27709,0,-0.69685,-0.3252,1,1.834,0,0,0.834
0.27655,0,-0.69533,-0.32399,1,1.836,0,0,0.836
0.27601,0,-0.69382,-0.32277,1,1.838,0,0,0.838
0.27547,0,-0.69231,-0.32156,1,1.84,0,0,0.84
0.27493,0,-0.69079,-0.32034,1,1.842,0,0,0.842
0.2744,0,-0.68928,-0.31913,1,1.844,0,0,0.844
0.27386,-6.6851e-19,-0.68789,-0.31809,1,1.846,0,0,0.846
0.27332,-6.4178e-19,-0.68654,-0.3171,1,1.848,0,0,0.848
0.27279,-6.1443e-19,-0.68519,-0.31611,1,1.85,0,0,0.85
0.27225,-5.8646e-19,-0.68385,-0.31512,1,1.852,0,0,0.852
0.27171,-5.5786e-19,-0.6825,-0.31413,1,1.854,0,0,0.854
0.27118,-5.2863e-19,-0.68115,-0.31314,1,1.856,0,0,0.856
0.27064,-4.9878e-19,-0.6798,-0.31215,1,1.858,0,0,0.858
0.27011,-4.6829e-19,-0.67845,-0.31116,1,1.86,0,0,0.86
0.26957,-4.3721e-19,-0.6771,-0.31018,1,1.862,0,0,0.862
0.26904,-4.0547e-19,-0.67576,-0.30919,1,1.864,0,0,0.864
0.2685,-3.7311e-19,-0.67441,-0.3082,1,1.866,0,0,0.866
0.26797,-3.4014e-19,-0.67306,-0.30721,1,1.868,0,0,0.868
0.26743,-3.0652e-19,-0.67171,-0.30622,1,1.87,0,0,0.87
0.2669,-2.7231e-19,-0.67036,-0.30523,1,1.872,0,0,0.872
0.26636,-2.3747e-19,-0.66901,-0.30424,1,1.874,0,0,0.874
0.26582,-2.0202e-19,-0.66767,-0.30325,1,1.876,0,0,0.876
0.26529,-1.6592e-19,-0.66632,-0.30226,1,1.878,0,0,0.878
0.26475,-1.2921e-19,-0.66497,-0.30127,1,1.88,0,0,0.88
0.26422,-9.1869e-20,-0.66362,-0.30028,1,1.882,0,0,0.882
0.26368,-5.3931e-20,-0.66227,-0.29929,1,1.884,0,0,0.884
0.26315,-1.5374e-20,-0.66092,-0.2983,1,1.886,0,0,0.886
0.26261,2.3806e-20,-0.65958,-0.29731,1,1.888,0,0,0.888
0.26208,6.3605e-20,-0.65823,-0.29632,1,1.89,0,0,0.89
0.26154,1.04e-19,-0.65688,-0.29533,1,1.892,0,0,0.892
0.261,1.4503e-19,-0.65553,-0.29434,1,1.894,0,0,0.894
0.26047,1.8667e-19,-0.65418,-0.29335,1,1.896,0,0,0.896
0.25993,2.289e-19,-0.65283,-0.29236,1,1.898,0,0,0.898
0.2594,2.7176e-19,-0.65148,-0.29137,1,1.9,0,0,0.9
0.25886,3.1521e-19,-0.65014,-0.29038,1,1.902,0,0,0.902
0.25833,3.5927e-19,-0.64879,-0.28939,1,1.904,0,0,0.904
0.25779,4.0393e-19,-0.64744,-0.28841,1,1.906,0,0,0.906
0.25726,4.4921e-19,-0.64609,-0.28742,1,1.908,0,0,0.908
0.25672,4.9505e-19,-0.64474,-0.28643,1,1.91,0,0,0.91
0.25619,5.4153e-19,-0.64339,-0.28544,1,1.912,0,0,0.912
0.25565,5.8857e-19,-0.64205,-0.28445,1,1.914,0,0,0.914
0.25511,6.3622e-19,-0.6407,-0.28346,1,1.916,0,0,0.916
0.25458,6.8447e-19,-0.63935,-0.28247,1,1.918,0,0,0.918
0.25404,7.3329e-19,-0.638,-0.28148,1,1.92,0,0,0.92
0.25351,7.8271e-19,-0.63665,-0.28049,1,1.922,0,0,0.922
0.25297,8.3269e-19,-0.6353,-0.2795,1,1.924,0,0,0.924
0.25244,8.8328e-19,-0.63396,-0.27851,1,1.926,0,0,0.926
0.2519,9.3443e-19,-0.63261,-0.27752,1,1.928,0,0,0.928
0.25137,9.8618e-19,-0.63126,-0.27653,1,1.93,0,0,0.93
0.25083,1.0385e-18,-0.62991,-0.27554,1,1.932,0,0,0.932
0.2503,-6.5935e-19,-0.62862,-0.27462,1,1.934,0,0,0.934
0.24977,-6.3266e-19,-0.62744,-0.27382,1,1.936,0,0,0.936
0.24925,-6.0543e-19,-0.62625,-0.27301,1,1.938,0,0,0.938
0.24873,-5.7768e-19,-0.62506,-0.27221,1,1.94,0,0,0.94
0.2482,-5.4941e-19,-0.62387,-0.2714,1,1.942,0,0,0.942
0.24768,-5.2065e-19,-0.62269,-0.2706,1,1.944,0,0,0.944
0.24715,-4.9137e-19,-0.6215,-0.26979,1,1.946,0,0,0.946
0.24663,-4.6158e-19,-0.62031,-0.26899,1,1.948,0,0,0.948
0.2461,-4.3126e-19,-0.61913,-0.26819,1,1.95,0,0,0.95
0.24558,-4.0043e-19,-0.61794,-0.26738,1,1.952,0,0,0.952
0.24506,-3.6913e-19,-0.61675,-0.26658,1,1.954,0,0,0.954
0.24453,-3.3729e-19,-0.61557,-0.26577,1,1.956,0,0,0.956
0.24401,-3.0495e-19,-0.61438,-0.26497,1,1.958,0,0,0.958
0.24348,-2.7213e-19,-0.61319,-0.26416,1,1.96,0,0,0.96
0.24296,-2.388e-19,-0.61201,-0.26336,1,1.962,0,0,0.962
0.24243,-2.0497e-19,-0.61082,-0.26255,1,1.964,0,0,0.964
0.24191,-1.7063e-19,-0.60963,-0.26175,1,1.966,0,0,0.966
0.24138,-1.3582e-19,-0.60845,-0.26095,1,1.968,0,0,0.968
0.24086,-1.005e-19,-0.60726,-0.26014,1,1.97,0,0,0.97
0.24034,-6.4686e-20,-0.60607,-0.25934,1,1.972,0,0,0.972
0.23981,-2.8404e-20,-0.60489,-0.25853,1,1.974,0,0,0.974
0.23929,8.3658e-21,-0.6037,-0.25773,1,1.976,0,0,0.976
0.23876,4.5625e-20,-0.60251,-0.25692,1,1.978,0,0,0.978
0.23824,8.335e-20,-0.60133,-0.25612,1,1.98,0,0,0.98
0.23771,1.2157e-19,-0.60014,-0.25532,1,1.982,0,0,0.982
0.23719,1.6025e-19,-0.59895,-0.25451,1,1.984,0,0,0.984
0.23667,1.9942e-19,-0.59777,-0.25371,1,1.986,0,0,0.986
0.23614,2.3903e-19,-0.59658,-0.2529,1,1.988,0,0,0.988
0.23562,2.7915e-19,-0.59539,-0.2521,1,1.99,0,0,0.99
0.23509,3.197e-19,-0.59421,-0.25129,1,1.992,0,0,0.992
0.23457,3.6074e-19,-0.59302,-0.25049,1,1.994,0,0,0.994
0.23404,4.0222e-19,-0.59183,-0.24968,1,1.996,0,0,0.996
0.23352,4.4415e-19,-0.59065,-0.24888,1,1.998,0,0,0.998
0.23299,4.8653e-19,-0.58946,-0.24808,1,2,0,0,1
