"U:0","U:1","U:2","p","vtkValidPointMask","arc_length"
5.4166,0,0,448.93,1,0
5.4169,0,-9.5159e-08,448.93,1,0.0079999
5.4172,0,-1.4555e-07,448.93,1,0.016
5.4178,0,-2.0236e-07,448.93,1,0.024
5.4186,0,-2.6558e-07,448.93,1,0.032
5.4195,0,-3.288e-07,448.92,1,0.04
5.4208,0,-3.914e-07,448.92,1,0.048
5.4223,0,-4.5378e-07,448.91,1,0.056
5.4237,0,-5.1616e-07,448.9,1,0.064
5.4258,0,-5.7859e-07,448.89,1,0.072
5.4279,0,-6.4102e-07,448.88,1,0.08
5.4302,0,-7.036e-07,448.87,1,0.088
5.4329,0,-7.6682e-07,448.86,1,0.096
5.4357,0,-8.3004e-07,448.85,1,0.104
5.4387,0,-8.936e-07,448.83,1,0.112
5.442,0,-9.5766e-07,448.81,1,0.12
5.4454,0,-1.0217e-06,448.8,1,0.128
5.4492,0,-1.086e-06,448.78,1,0.136
5.4532,0,-1.1505e-06,448.75,1,0.144
5.4572,0,-1.2149e-06,448.73,1,0.152
5.4618,0,-1.2793e-06,448.71,1,0.16
5.4664,0,-1.3436e-06,448.69,1,0.168
5.4711,0,-1.4079e-06,448.66,1,0.176
5.4764,0,-1.4718e-06,448.63,1,0.184
5.4818,0,-1.5357e-06,448.6,1,0.192
5.4873,0,-1.5996e-06,448.58,1,0.2
5.4932,0,-1.6632e-06,448.54,1,0.208
5.4992,0,-1.7268e-06,448.51,1,0.216
5.5055,0,-1.7903e-06,448.48,1,0.224
5.5122,0,-1.8539e-06,448.44,1,0.232
5.5189,0,-1.9174e-06,448.41,1,0.24
5.526,0,-1.9812e-06,448.37,1,0.248
5.5334,0,-2.0451e-06,448.33,1,0.256
5.5408,0,-2.109e-06,448.29,1,0.264
5.5487,0,-2.1736e-06,448.25,1,0.272
5.5568,0,-2.2383e-06,448.2,1,0.28
5.5649,0,-2.3031e-06,448.16,1,0.288
5.5737,0,-2.369e-06,448.11,1,0.296
5.5825,0,-2.4349e-06,448.06,1,0.304
5.5915,0,-2.5012e-06,448.01,1,0.312
5.6011,0,-2.5685e-06,447.96,1,0.32
5.6106,0,-2.6358e-06,447.91,1,0.328
5.6205,0,-2.7038e-06,447.85,1,0.336
5.6308,0,-2.7727e-06,447.8,1,0.344
5.6411,0,-2.8415e-06,447.74,1,0.352
5.6519,0,-2.9114e-06,447.68,1,0.36
5.663,0,-2.9818e-06,447.62,1,0.368
5.674,0,-3.0522e-06,447.56,1,0.376
5.6858,0,-3.1239e-06,447.49,1,0.384
5.6977,0,-3.1957e-06,447.42,1,0.392
5.7096,0,-3.2676e-06,447.36,1,0.4
5.7223,0,-3.3407e-06,447.29,1,0.408
5.7349,0,-3.4137e-06,447.21,1,0.416
5.7479,0,-3.4871e-06,447.14,1,0.424
5.7614,0,-3.5614e-06,447.06,1,0.432
5.7749,0,-3.6357e-06,446.99,1,0.44
5.7889,0,-3.7106e-06,446.91,1,0.448
5.8032,0,-3.786e-06,446.83,1,0.456
5.8176,0,-3.8615e-06,446.74,1,0.464
5.8326,0,-3.9377e-06,446.66,1,0.472
5.8479,0,-4.0143e-06,446.57,1,0.48
5.8632,0,-4.0909e-06,446.48,1,0.488
5.8793,0,-4.1686e-06,446.39,1,0.496
5.8955,0,-4.2463e-06,446.29,1,0.504
5.9118,0,-4.3242e-06,446.2,1,0.512
5.9289,0,-4.403e-06,446.1,1,0.52
5.946,0,-4.4818e-06,446,1,0.528
5.9635,0,-4.561e-06,445.89,1,0.536
5.9816,0,-4.641e-06,445.79,1,0.544
5.9997,0,-4.721e-06,445.68,1,0.552
6.0184,0,-4.8016e-06,445.57,1,0.56
6.0374,0,-4.8827e-06,445.45,1,0.568
6.0565,0,-4.9638e-06,445.34,1,0.576
6.0764,0,-5.0456e-06,445.22,1,0.584
6.0966,0,-5.1277e-06,445.1,1,0.592
6.1167,0,-5.2098e-06,444.98,1,0.6
6.1379,0,-5.2933e-06,444.85,1,0.608
6.1591,0,-5.3769e-06,444.72,1,0.616
6.1805,0,-5.4611e-06,444.59,1,0.624
6.2028,0,-5.5474e-06,444.45,1,0.632
6.2251,0,-5.6337e-06,444.31,1,0.64
6.2479,0,-5.7232e-06,444.17,1,0.648
6.2714,0,-5.8165e-06,444.03,1,0.656
6.2948,0,-5.9098e-06,443.88,1,0.664
6.319,0,-6.011e-06,443.73,1,0.672
6.3436,0,-6.116e-06,443.57,1,0.68
6.3682,0,-6.221e-06,443.42,1,0.688
6.3939,0,-6.3343e-06,443.25,1,0.696
6.4197,0,-6.4485e-06,443.09,1,0.704
6.4457,0,-6.5628e-06,442.92,1,0.712
6.4728,0,-6.678e-06,442.75,1,0.72
6.4998,0,-6.7933e-06,442.58,1,0.728
6.5273,0,-6.907e-06,442.4,1,0.736
6.5557,0,-7.0176e-06,442.21,1,0.744
6.5841,0,-7.1281e-06,442.03,1,0.752
6.6132,0,-7.2373e-06,441.84,1,0.76
6.6429,0,-7.3453e-06,441.64,1,0.768
6.6726,0,-7.4534e-06,441.44,1,0.776
6.7034,0,-7.5619e-06,441.24,1,0.784
6.7346,0,-7.6706e-06,441.03,1,0.792
6.7657,0,-7.7792e-06,440.82,1,0.8
6.7982,0,-7.8891e-06,440.6,1,0.808
6.8307,0,-7.999e-06,440.38,1,0.816
6.8636,0,-8.1104e-06,440.16,1,0.824
6.8976,0,-8.227e-06,439.92,1,0.832
6.9317,0,-8.3436e-06,439.69,1,0.84
6.9664,0,-8.467e-06,439.45,1,0.848
7.0019,0,-8.5988e-06,439.2,1,0.856
7.0375,0,-8.7307e-06,438.95,1,0.864
7.0741,0,-8.873e-06,438.7,1,0.872
7.1113,0,-9.0206e-06,438.43,1,0.88
7.1485,0,-9.1681e-06,438.17,1,0.888
7.1871,0,-9.3219e-06,437.89,1,0.896
7.2259,0,-9.4766e-06,437.62,1,0.904
7.2649,0,-9.631e-06,437.34,1,0.912
7.3054,0,-9.7846e-06,437.04,1,0.92
7.3459,0,-9.9381e-06,436.75,1,0.928
7.3869,0,-1.0092e-05,436.44,1,0.936
7.4292,0,-1.0248e-05,436.13,1,0.944
7.4715,0,-1.0404e-05,435.82,1,0.952
7.5147,0,-1.0567e-05,435.49,1,0.96
7.5588,0,-1.0734e-05,435.16,1,0.968
7.6029,0,-1.0901e-05,434.83,1,0.976
7.6484,0,-1.1078e-05,434.48,1,0.984
7.6944,0,-1.1258e-05,434.13,1,0.992
7.7403,0,-1.1438e-05,433.78,1,1
7.7882,0,-1.1631e-05,433.41,1,1.008
7.8361,0,-1.1824e-05,433.03,1,1.016
7.8845,0,-1.2021e-05,432.66,1,1.024
7.9344,0,-1.2231e-05,432.26,1,1.032
7.9843,0,-1.2442e-05,431.87,1,1.04
8.0351,0,-1.2659e-05,431.46,1,1.048
8.0871,0,-1.2885e-05,431.04,1,1.056
8.1391,0,-1.3111e-05,430.62,1,1.064
8.1925,0,-1.3348e-05,430.19,1,1.072
8.2466,0,-1.3589e-05,429.74,1,1.08
8.3008,0,-1.383e-05,429.3,1,1.088
8.3568,0,-1.4082e-05,428.83,1,1.096
8.4132,0,-1.4335e-05,428.36,1,1.104
8.4698,0,-1.459e-05,427.88,1,1.112
8.5284,0,-1.485e-05,427.38,1,1.12
8.587,0,-1.5111e-05,426.88,1,1.128
8.6464,0,-1.5375e-05,426.37,1,1.136
8.7074,0,-1.5649e-05,425.84,1,1.144
8.7684,0,-1.5923e-05,425.31,1,1.152
8.8307,0,-1.6208e-05,424.76,1,1.16
8.8942,0,-1.6501e-05,424.2,1,1.168
8.9576,0,-1.6794e-05,423.64,1,1.176
9.0229,0,-1.7113e-05,423.05,1,1.184
9.0889,0,-1.7438e-05,422.45,1,1.192
9.1548,0,-1.7764e-05,421.86,1,1.2
9.2233,0,-1.8112e-05,421.23,1,1.208
9.2918,0,-1.8459e-05,420.59,1,1.216
9.3609,0,-1.8808e-05,419.95,1,1.224
9.4321,0,-1.916e-05,419.28,1,1.232
9.5032,0,-1.9513e-05,418.61,1,1.24
9.5756,0,-1.9862e-05,417.92,1,1.248
9.6495,0,-2.0209e-05,417.21,1,1.256
9.7234,0,-2.0555e-05,416.5,1,1.264
9.7992,0,-2.0902e-05,415.76,1,1.272
9.8759,0,-2.1248e-05,415,1,1.28
9.9527,0,-2.1595e-05,414.25,1,1.288
10.032,0,-2.1952e-05,413.45,1,1.296
10.112,0,-2.2311e-05,412.65,1,1.304
10.192,0,-2.267e-05,411.84,1,1.312
10.274,0,-2.3022e-05,410.99,1,1.32
10.357,0,-2.3374e-05,410.14,1,1.328
10.44,0,-2.3725e-05,409.28,1,1.336
10.526,0,-2.4074e-05,408.38,1,1.344
10.612,0,-2.4422e-05,407.48,1,1.352
10.699,0,-2.4769e-05,406.54,1,1.36
10.788,0,-2.5114e-05,405.59,1,1.368
10.876,0,-2.5459e-05,404.63,1,1.376
10.968,0,-2.5799e-05,403.63,1,1.384
11.06,0,-2.6138e-05,402.62,1,1.392
11.152,0,-2.6477e-05,401.61,1,1.4
11.247,0,-2.6806e-05,400.54,1,1.408
11.342,0,-2.7135e-05,399.46,1,1.416
11.438,0,-2.7462e-05,398.37,1,1.424
11.536,0,-2.7784e-05,397.24,1,1.432
11.635,0,-2.8107e-05,396.1,1,1.44
11.735,0,-2.8435e-05,394.93,1,1.448
11.837,0,-2.8771e-05,393.73,1,1.456
11.939,0,-2.9107e-05,392.52,1,1.464
12.043,0,-2.9451e-05,391.27,1,1.472
12.149,0,-2.9799e-05,389.99,1,1.48
12.254,0,-3.0147e-05,388.72,1,1.488
12.362,0,-3.0489e-05,387.37,1,1.496
12.471,0,-3.083e-05,386.02,1,1.504
12.581,0,-3.1169e-05,384.66,1,1.512
12.693,0,-3.1501e-05,383.23,1,1.52
12.805,0,-3.1832e-05,381.8,1,1.528
12.919,0,-3.2156e-05,380.35,1,1.536
13.035,0,-3.247e-05,378.84,1,1.544
13.151,0,-3.2782e-05,377.32,1,1.552
13.269,0,-3.3084e-05,375.76,1,1.56
13.388,0,-3.3378e-05,374.17,1,1.568
13.508,0,-3.3669e-05,372.57,1,1.576
13.63,0,-3.394e-05,370.9,1,1.584
13.753,0,-3.4204e-05,369.22,1,1.592
13.877,0,-3.4465e-05,367.53,1,1.6
14.003,0,-3.4698e-05,365.75,1,1.608
14.13,0,-3.4928e-05,363.97,1,1.616
14.257,0,-3.5149e-05,362.17,1,1.624
14.388,0,-3.534e-05,360.29,1,1.632
14.518,0,-3.5527e-05,358.41,1,1.64
14.65,0,-3.572e-05,356.49,1,1.648
14.784,0,-3.5922e-05,354.52,1,1.656
14.917,0,-3.612e-05,352.54,1,1.664
15.053,0,-3.6326e-05,350.49,1,1.672
15.191,0,-3.6534e-05,348.42,1,1.68
15.328,0,-3.6737e-05,346.34,1,1.688
15.468,0,-3.6889e-05,344.16,1,1.696
15.609,0,-3.7029e-05,341.98,1,1.704
15.75,0,-3.7165e-05,339.78,1,1.712
15.893,0,-3.7307e-05,337.49,1,1.72
16.037,0,-3.7447e-05,335.2,1,1.728
16.182,0,-3.7571e-05,332.87,1,1.736
16.329,0,-3.7665e-05,330.47,1,1.744
16.476,0,-3.7755e-05,328.07,1,1.752
16.624,0,-3.7829e-05,325.61,1,1.76
16.774,0,-3.7889e-05,323.1,1,1.768
16.924,0,-3.7945e-05,320.59,1,1.776
17.076,0,-3.7984e-05,317.99,1,1.784
17.229,0,-3.8015e-05,315.37,1,1.792
17.381,0,-3.8042e-05,312.75,1,1.8
17.537,0,-3.8054e-05,310.02,1,1.808
17.692,0,-3.8062e-05,307.29,1,1.816
17.847,0,-3.8062e-05,304.54,1,1.824
18.005,0,-3.8045e-05,301.7,1,1.832
18.162,0,-3.8025e-05,298.86,1,1.84
18.32,0,-3.7997e-05,295.98,1,1.848
18.48,0,-3.7959e-05,293.03,1,1.856
18.639,0,-3.7918e-05,290.09,1,1.864
18.799,0,-3.7867e-05,287.08,1,1.872
18.96,0,-3.7808e-05,284.03,1,1.88
19.121,0,-3.7747e-05,280.99,1,1.888
19.283,0,-3.7681e-05,277.86,1,1.896
19.445,0,-3.7614e-05,274.71,1,1.904
19.608,0,-3.7548e-05,271.56,1,1.912
19.771,0,-3.7511e-05,268.33,1,1.92
19.934,0,-3.7474e-05,265.1,1,1.928
20.097,0,-3.7455e-05,261.84,1,1.936
20.26,0,-3.748e-05,258.52,1,1.944
20.424,0,-3.7504e-05,255.21,1,1.952
20.587,0,-3.7546e-05,251.85,1,1.96
20.751,0,-3.7604e-05,248.46,1,1.968
20.914,0,-3.7663e-05,245.07,1,1.976
21.077,0,-3.7769e-05,241.63,1,1.984
21.24,0,-3.7891e-05,238.18,1,1.992
21.403,0,-3.8013e-05,234.72,1,2
21.565,0,-3.8242e-05,231.22,1,2.008
21.727,0,-3.8475e-05,227.71,1,2.016
21.889,0,-3.8712e-05,224.2,1,2.024
22.049,0,-3.8971e-05,220.65,1,2.032
22.21,0,-3.9231e-05,217.1,1,2.04
22.37,0,-3.9662e-05,213.55,1,2.048
22.528,0,-4.0326e-05,209.97,1,2.056
22.687,0,-4.0987e-05,206.4,1,2.064
22.844,0,-4.1744e-05,202.82,1,2.072
23,0,-4.2553e-05,199.23,1,2.08
23.156,0,-4.3359e-05,195.65,1,2.088
23.309,0,-4.4367e-05,192.06,1,2.096
23.463,0,-4.5403e-05,188.48,1,2.104
23.615,0,-4.6456e-05,184.9,1,2.112
23.765,0,-4.7731e-05,181.33,1,2.12
23.915,0,-4.9001e-05,177.77,1,2.128
24.063,0,-5.0342e-05,174.21,1,2.136
24.209,0,-5.1848e-05,170.68,1,2.144
24.355,0,-5.3347e-05,167.15,1,2.152
24.498,0,-5.4965e-05,163.64,1,2.16
24.639,0,-5.6686e-05,160.16,1,2.168
24.781,0,-5.8401e-05,156.68,1,2.176
24.919,0,-6.0341e-05,153.24,1,2.184
25.055,0,-6.2348e-05,149.82,1,2.192
25.192,0,-6.4348e-05,146.4,1,2.2
25.324,0,-6.6432e-05,143.06,1,2.208
25.455,0,-6.8521e-05,139.72,1,2.216
25.586,0,-7.0721e-05,136.4,1,2.224
25.712,0,-7.3343e-05,133.15,1,2.232
25.838,0,-7.5954e-05,129.9,1,2.24
25.962,0,-7.87e-05,126.69,1,2.248
26.083,0,-8.1636e-05,123.54,1,2.256
26.203,0,-8.4566e-05,120.4,1,2.264
26.32,0,-8.7735e-05,117.32,1,2.272
26.435,0,-9.1033e-05,114.29,1,2.28
26.55,0,-9.4328e-05,111.26,1,2.288
26.659,0,-9.7966e-05,108.34,1,2.296
26.768,0,-0.00010165,105.43,1,2.304
26.877,0,-0.00010538,102.53,1,2.312
26.979,0,-0.00010956,99.755,1,2.32
27.082,0,-0.00011373,96.979,1,2.328
27.183,0,-0.00011802,94.247,1,2.336
27.28,0,-0.00012257,91.608,1,2.344
27.376,0,-0.00012714,88.97,1,2.352
27.47,0,-0.00013191,86.409,1,2.36
27.561,0,-0.00013685,83.913,1,2.368
27.651,0,-0.00014181,81.418,1,2.376
27.737,0,-0.00014706,79.034,1,2.384
27.822,0,-0.00015241,76.684,1,2.392
27.906,0,-0.00015777,74.334,1,2.4
27.985,0,-0.00016341,72.129,1,2.408
28.064,0,-0.00016907,69.926,1,2.416
28.141,0,-0.00017479,67.755,1,2.424
28.214,0,-0.00018071,65.699,1,2.432
28.287,0,-0.00018664,63.642,1,2.44
28.358,0,-0.0001927,61.65,1,2.448
28.425,0,-0.00019892,59.739,1,2.456
28.492,0,-0.00020516,57.828,1,2.464
28.556,0,-0.00021164,56.011,1,2.472
28.618,0,-0.00021825,54.242,1,2.48
28.68,0,-0.00022486,52.474,1,2.488
28.737,0,-0.00023184,50.828,1,2.496
28.794,0,-0.00023887,49.197,1,2.504
28.85,0,-0.00024594,47.581,1,2.512
28.902,0,-0.00025337,46.085,1,2.52
28.954,0,-0.00026079,44.588,1,2.528
29.004,0,-0.00026833,43.133,1,2.536
29.051,0,-0.00027611,41.763,1,2.544
29.099,0,-0.00028389,40.394,1,2.552
29.143,0,-0.00029187,39.091,1,2.56
29.186,0,-0.00030001,37.842,1,2.568
29.229,0,-0.00030814,36.594,1,2.576
29.269,0,-0.00031654,35.433,1,2.584
29.308,-6.2051e-18,-0.00032501,34.298,1,2.592
29.347,0,-0.00033348,33.163,1,2.6
29.382,0,-0.00034226,32.134,1,2.608
29.417,0,-0.00035104,31.105,1,2.616
29.451,0,-0.00035987,30.098,1,2.624
29.483,0,-0.0003689,29.167,1,2.632
29.514,-5.3501e-18,-0.00037794,28.237,1,2.64
29.545,0,-0.00038708,27.346,1,2.648
29.573,0,-0.00039634,26.506,1,2.656
29.602,0,-0.0004056,25.666,1,2.664
29.628,0,-0.000415,24.881,1,2.672
29.654,0,-0.00042446,24.124,1,2.68
29.68,0,-0.00043392,23.367,1,2.688
29.703,0,-0.00044352,22.676,1,2.696
29.726,8.7e-18,-0.00045314,21.993,1,2.704
29.749,0,-0.00046276,21.318,1,2.712
29.77,0,-0.00047248,20.703,1,2.72
29.79,0,-0.0004822,20.088,1,2.728
29.81,0,-0.00049194,19.492,1,2.736
29.829,0,-0.00050172,18.937,1,2.744
29.848,0,-0.0005115,18.383,1,2.752
29.865,0,-0.00052128,17.857,1,2.76
29.882,0,-0.00053107,17.356,1,2.768
29.899,0,-0.00054086,16.854,1,2.776
29.915,0,-0.00055062,16.389,1,2.784
29.93,0,-0.00056036,15.935,1,2.792
29.945,0,-0.00057011,15.48,1,2.8
29.959,0,-0.00057975,15.067,1,2.808
29.973,0,-0.0005894,14.654,1,2.816
29.987,0,-0.00059901,14.249,1,2.824
29.999,0,-0.00060849,13.872,1,2.832
30.012,0,-0.00061797,13.496,1,2.84
30.024,0,-0.00062736,13.133,1,2.848
30.036,0,-0.00063663,12.788,1,2.856
30.047,0,-0.00064589,12.443,1,2.864
30.058,0,-0.00065498,12.117,1,2.872
30.069,0,-0.00066398,11.8,1,2.88
30.079,0,-0.00067298,11.483,1,2.888
30.089,0,-0.00068169,11.188,1,2.896
30.099,0,-0.00069036,10.895,1,2.904
30.109,0,-0.000699,10.605,1,2.912
30.118,0,-0.00070729,10.335,1,2.92
30.127,0,-0.00071559,10.065,1,2.928
30.135,0,-0.00072375,9.8009,1,2.936
30.144,0,-0.00073163,9.5506,1,2.944
30.152,0,-0.0007395,9.3002,1,2.952
30.16,0,-0.00074713,9.0596,1,2.96
30.168,0,-0.00075455,8.8273,1,2.968
30.176,0,-0.00076197,8.5951,1,2.976
30.183,0,-0.00076902,8.3756,1,2.984
30.19,0,-0.00077595,8.1602,1,2.992
30.197,0,-0.00078289,7.9448,1,3
30.204,0,-0.00078933,7.7448,1,3.008
30.21,0,-0.00079576,7.5451,1,3.016
30.217,0,-0.00080209,7.3484,1,3.024
30.223,0,-0.000808,7.1637,1,3.032
30.229,0,-0.00081392,6.979,1,3.04
30.235,0,-0.00081962,6.8001,1,3.048
30.241,0,-0.00082503,6.6296,1,3.056
30.247,0,-0.00083043,6.459,1,3.064
30.252,0,-0.00083552,6.297,1,3.072
30.257,0,-0.00084042,6.14,1,3.08
30.262,0,-0.00084533,5.9829,1,3.088
30.267,0,-0.00084983,5.8369,1,3.096
30.272,0,-0.00085427,5.6927,1,3.104
30.277,0,-0.00085867,5.5494,1,3.112
30.281,0,-0.00086267,5.4174,1,3.12
30.286,0,-0.00086666,5.2854,1,3.128
30.29,0,-0.00087053,5.1569,1,3.136
30.294,0,-0.00087411,5.0365,1,3.144
30.298,0,-0.00087769,4.916,1,3.152
30.302,0,-0.00088106,4.8013,1,3.16
30.305,0,-0.00088424,4.6918,1,3.168
30.309,0,-0.00088742,4.5822,1,3.176
30.312,5.0317e-34,-0.0008903,4.4804,1,3.184
30.316,8.9342e-19,-0.0008931,4.3811,1,3.192
30.319,-3.9199e-33,-0.00089589,4.2818,1,3.2
30.322,1.5413e-18,-0.00089832,4.1918,1,3.208
30.325,-4.7816e-34,-0.00090074,4.102,1,3.216
30.328,0,-0.00090309,4.0141,1,3.224
30.331,0,-0.00090515,3.9332,1,3.232
30.333,0,-0.00090721,3.8524,1,3.24
30.336,0,-0.00090913,3.7751,1,3.248
30.338,0,-0.00091085,3.7025,1,3.256
30.341,0,-0.00091257,3.6299,1,3.264
30.343,2.0953e-18,-0.00091409,3.5623,1,3.272
30.345,1.9813e-19,-0.00091549,3.4973,1,3.28
30.347,0,-0.00091689,3.4324,1,3.288
30.349,6.9452e-19,-0.00091805,3.3736,1,3.296
30.351,5.1394e-19,-0.00091916,3.3156,1,3.304
30.353,3.8073e-18,-0.00092026,3.2583,1,3.312
30.355,0,-0.00092112,3.2068,1,3.32
30.357,0,-0.00092199,3.1553,1,3.328
30.358,1.8576e-18,-0.00092279,3.1057,1,3.336
30.36,0,-0.00092344,3.0602,1,3.344
30.361,0,-0.0009241,3.0146,1,3.352
30.363,4.7521e-19,-0.00092466,2.9719,1,3.36
30.364,3.6867e-20,-0.00092514,2.9317,1,3.368
30.365,1.2573e-18,-0.00092563,2.8915,1,3.376
30.367,-1.4538e-20,-0.000926,2.8551,1,3.384
30.368,1.3797e-19,-0.00092634,2.8198,1,3.392
30.369,1.027e-18,-0.00092668,2.7845,1,3.4
30.37,0,-0.0009269,2.7537,1,3.408
30.371,0,-0.00092712,2.7228,1,3.416
30.372,0,-0.00092732,2.6929,1,3.424
30.373,0,-0.00092745,2.6661,1,3.432
30.374,0,-0.00092757,2.6393,1,3.44
30.375,7.3346e-20,-0.00092766,2.6142,1,3.448
30.376,1.0692e-22,-0.0009277,2.5911,1,3.456
30.376,8.5475e-20,-0.00092774,2.568,1,3.464
30.377,4.6177e-20,-0.00092772,2.5471,1,3.472
30.378,-8.2947e-21,-0.00092768,2.5274,1,3.48
30.378,-6.2706e-21,-0.00092764,2.5076,1,3.488
30.379,0,-0.00092753,2.4905,1,3.496
30.38,0,-0.00092741,2.4738,1,3.504
30.38,0,-0.00092729,2.4574,1,3.512
30.381,0,-0.00092711,2.4434,1,3.52
30.381,0,-0.00092692,2.4294,1,3.528
30.382,1.1997e-20,-0.00092672,2.4162,1,3.536
30.382,4.412e-23,-0.00092647,2.4047,1,3.544
30.382,9.1544e-21,-0.00092623,2.3932,1,3.552
30.383,-2.9164e-22,-0.00092595,2.383,1,3.56
30.383,-5.9134e-24,-0.00092565,2.3737,1,3.568
30.383,-4.8221e-22,-0.00092534,2.3645,1,3.576
30.384,0,-0.000925,2.3569,1,3.584
30.384,0,-0.00092466,2.3497,1,3.592
30.384,0,-0.00092431,2.3426,1,3.6
30.384,0,-0.00092393,2.3373,1,3.608
30.385,0,-0.00092354,2.3321,1,3.616
30.385,0,-0.00092316,2.3272,1,3.624
30.385,0,-0.00092274,2.3237,1,3.632
30.385,0,-0.00092233,2.3203,1,3.64
30.385,0,-0.00092191,2.3175,1,3.648
30.385,0,-0.00092147,2.3157,1,3.656
30.385,0,-0.00092103,2.3138,1,3.664
30.385,0,-0.00092058,2.313,1,3.672
30.385,0,-0.00092012,2.3127,1,3.68
30.385,0,-0.00091966,2.3123,1,3.688
30.385,0,-0.0009192,2.3133,1,3.696
30.385,0,-0.00091874,2.3144,1,3.704
30.385,-7.7074e-22,-0.00091827,2.3157,1,3.712
30.385,-1.0461e-22,-0.0009178,2.3182,1,3.72
30.385,1.084e-22,-0.00091734,2.3207,1,3.728
30.385,0,-0.00091687,2.3236,1,3.736
30.385,0,-0.00091639,2.3274,1,3.744
30.385,0,-0.00091592,2.3312,1,3.752
30.385,0,-0.00091545,2.3357,1,3.76
30.385,0,-0.00091498,2.3408,1,3.768
30.385,0,-0.0009145,2.3459,1,3.776
30.384,0,-0.00091404,2.352,1,3.784
30.384,0,-0.00091358,2.3583,1,3.792
30.384,0,-0.00091312,2.3647,1,3.8
30.384,6.9048e-24,-0.00091268,2.3723,1,3.808
30.384,-2.161e-23,-0.00091224,2.3799,1,3.816
30.383,2.3346e-23,-0.0009118,2.3878,1,3.824
30.383,2.0158e-24,-0.00091138,2.3967,1,3.832
30.383,-3.5819e-24,-0.00091095,2.4055,1,3.84
30.382,0,-0.00091053,2.415,1,3.848
30.382,0,-0.00091013,2.4252,1,3.856
30.382,0,-0.00090972,2.4354,1,3.864
30.382,0,-0.00090933,2.4465,1,3.872
30.381,0,-0.00090895,2.458,1,3.88
30.381,0,-0.00090857,2.4695,1,3.888
30.38,1.3962e-24,-0.00090821,2.4823,1,3.896
30.38,2.1771e-26,-0.00090785,2.4953,1,3.904
30.38,-3.2591e-24,-0.0009075,2.5084,1,3.912
30.379,-4.4447e-25,-0.00090716,2.5228,1,3.92
30.379,4.5434e-25,-0.00090681,2.5373,1,3.928
30.378,0,-0.00090647,2.5522,1,3.936
30.378,0,-0.00090614,2.5682,1,3.944
30.377,0,-0.0009058,2.5842,1,3.952
30.377,0,-0.00090547,2.6012,1,3.96
30.376,0,-0.00090514,2.6189,1,3.968
30.376,0,-0.00090481,2.6366,1,3.976
30.375,0,-0.00090448,2.6557,1,3.984
30.374,0,-0.00090415,2.6752,1,3.992
30.374,0,-0.00090383,2.6947,1,4
30.373,0,-0.00090347,2.7162,1,4.008
30.372,0,-0.00090311,2.7376,1,4.016
30.372,0,-0.00090275,2.7596,1,4.024
30.371,0,-0.00090236,2.7831,1,4.032
30.37,0,-0.00090197,2.8067,1,4.04
30.369,0,-0.00090157,2.8313,1,4.048
30.368,0,-0.00090115,2.8571,1,4.056
30.368,0,-0.00090074,2.8829,1,4.064
30.367,0,-0.00090032,2.9104,1,4.072
30.366,0,-0.0008999,2.9388,1,4.08
30.365,0,-0.00089948,2.9671,1,4.088
30.364,-1.1202e-25,-0.00089904,2.9978,1,4.096
30.363,-1.0651e-25,-0.0008986,3.0288,1,4.104
30.362,0,-0.00089816,3.0602,1,4.112
30.361,0,-0.0008977,3.0941,1,4.12
30.36,0,-0.00089725,3.1281,1,4.128
30.359,0,-0.00089679,3.1631,1,4.136
30.357,0,-0.00089633,3.2002,1,4.144
30.356,0,-0.00089587,3.2373,1,4.152
30.355,0,-0.0008954,3.2764,1,4.16
30.354,0,-0.00089493,3.317,1,4.168
30.352,0,-0.00089447,3.3576,1,4.176
30.351,0,-0.00089397,3.4011,1,4.184
30.349,0,-0.00089348,3.4455,1,4.192
30.348,0,-0.00089298,3.4898,1,4.2
30.346,0,-0.00089244,3.5382,1,4.208
30.345,0,-0.0008919,3.5866,1,4.216
30.343,0,-0.00089135,3.636,1,4.224
30.341,0,-0.00089078,3.6888,1,4.232
30.34,0,-0.00089021,3.7416,1,4.24
30.338,2.2451e-23,-0.00088963,3.7965,1,4.248
30.336,-7.4164e-25,-0.00088904,3.8541,1,4.256
30.334,-3.6114e-24,-0.00088845,3.9116,1,4.264
30.332,3.5813e-26,-0.00088785,3.9726,1,4.272
30.33,1.7752e-26,-0.00088724,4.0352,1,4.28
30.328,-7.0389e-26,-0.00088663,4.0978,1,4.288
30.326,0,-0.00088599,4.1653,1,4.296
30.324,0,-0.00088536,4.2334,1,4.304
30.321,0,-0.00088472,4.3021,1,4.312
30.319,0,-0.00088407,4.376,1,4.32
30.317,0,-0.00088343,4.4499,1,4.328
30.314,-2.7874e-22,-0.00088278,4.5259,1,4.336
30.312,1.687e-25,-0.00088214,4.606,1,4.344
30.309,-2.7804e-22,-0.0008815,4.686,1,4.352
30.306,2.2055e-22,-0.00088086,4.7697,1,4.36
30.303,-2.3791e-23,-0.00088023,4.8563,1,4.368
30.301,-3.0224e-23,-0.0008796,4.9429,1,4.376
30.298,0,-0.00087897,5.0349,1,4.384
30.294,0,-0.00087835,5.1283,1,4.392
30.291,0,-0.00087772,5.2218,1,4.4
30.288,0,-0.00087712,5.3224,1,4.408
30.285,0,-0.00087652,5.423,1,4.416
30.281,0,-0.00087593,5.5252,1,4.424
30.278,0,-0.00087538,5.6333,1,4.432
30.274,0,-0.00087482,5.7413,1,4.44
30.271,0,-0.00087427,5.8527,1,4.448
30.267,0,-0.00087374,5.9683,1,4.456
30.263,0,-0.0008732,6.0839,1,4.464
30.259,0,-0.00087267,6.2046,1,4.472
30.255,0,-0.00087215,6.328,1,4.48
30.251,0,-0.00087162,6.4513,1,4.488
30.247,0,-0.00087112,6.5814,1,4.496
30.242,0,-0.00087062,6.7125,1,4.504
30.238,-4.9344e-21,-0.00087012,6.8443,1,4.512
30.234,3.0354e-22,-0.00086966,6.983,1,4.52
30.229,-4.5599e-21,-0.0008692,7.1217,1,4.528
30.224,9.738e-22,-0.00086875,7.2628,1,4.536
30.22,3.123e-25,-0.00086832,7.4088,1,4.544
30.215,8.3248e-22,-0.00086789,7.5549,1,4.552
30.21,0,-0.00086747,7.7048,1,4.56
30.205,0,-0.00086706,7.8578,1,4.568
30.2,0,-0.00086665,8.0108,1,4.576
30.195,0,-0.00086625,8.1687,1,4.584
30.189,0,-0.00086586,8.3281,1,4.592
30.184,0,-0.00086547,8.4875,1,4.6
30.179,-8.9504e-22,-0.0008651,8.6524,1,4.608
30.173,-2.0415e-21,-0.00086474,8.8174,1,4.616
30.168,-1.9693e-20,-0.00086437,8.9833,1,4.624
30.162,-3.7563e-22,-0.00086402,9.1528,1,4.632
30.157,-8.6533e-21,-0.00086367,9.3223,1,4.64
30.151,0,-0.00086331,9.4932,1,4.648
30.145,0,-0.00086296,9.666,1,4.656
30.14,0,-0.0008626,9.8387,1,4.664
30.134,0,-0.00086225,10.013,1,4.672
30.128,0,-0.00086189,10.187,1,4.68
30.122,0,-0.00086153,10.362,1,4.688
30.117,-5.0324e-22,-0.00086116,10.536,1,4.696
30.111,-2.8888e-22,-0.00086079,10.711,1,4.704
30.105,6.8508e-36,-0.00086041,10.886,1,4.712
30.099,-8.1764e-22,-0.00086001,11.058,1,4.72
30.094,0,-0.0008596,11.231,1,4.728
30.088,0,-0.00085918,11.403,1,4.736
30.082,0,-0.00085872,11.572,1,4.744
30.077,0,-0.00085826,11.741,1,4.752
30.071,0,-0.00085775,11.907,1,4.76
30.066,0,-0.0008572,12.07,1,4.768
30.061,0,-0.00085666,12.233,1,4.776
30.055,2.2684e-21,-0.00085603,12.39,1,4.784
30.05,7.4069e-21,-0.00085537,12.545,1,4.792
30.045,-8.0227e-36,-0.00085471,12.7,1,4.8
30.04,-1.1736e-21,-0.00085389,12.845,1,4.808
30.036,-2.5095e-36,-0.00085307,12.991,1,4.816
30.031,0,-0.00085219,13.133,1,4.824
30.027,0,-0.00085114,13.267,1,4.832
30.022,0,-0.00085009,13.401,1,4.84
30.018,0,-0.00084892,13.529,1,4.848
30.014,0,-0.00084757,13.65,1,4.856
30.01,0,-0.00084623,13.771,1,4.864
30.006,0,-0.00084467,13.884,1,4.872
30.003,0,-0.00084298,13.992,1,4.88
29.999,0,-0.00084129,14.1,1,4.888
29.996,-3.4647e-20,-0.00083924,14.196,1,4.896
29.993,0,-0.00083713,14.291,1,4.904
29.99,0,-0.00083497,14.385,1,4.912
29.987,0,-0.00083236,14.468,1,4.92
29.984,0,-0.00082975,14.552,1,4.928
29.981,0,-0.00082697,14.632,1,4.936
29.979,0,-0.00082382,14.706,1,4.944
29.976,0,-0.00082066,14.78,1,4.952
29.974,0,-0.00081719,14.85,1,4.96
29.972,0,-0.00081345,14.918,1,4.968
29.97,0,-0.00080971,14.985,1,4.976
29.967,0,-0.00080551,15.052,1,4.984
29.965,0,-0.00080118,15.118,1,4.992
29.963,0,-0.00079684,15.184,1,5
29.961,0,-0.00079192,15.254,1,5.008
29.958,0,-0.000787,15.323,1,5.016
29.956,0,-0.00078195,15.395,1,5.024
29.953,0,-0.00077647,15.475,1,5.032
29.95,0,-0.00077099,15.554,1,5.04
29.947,0,-0.00076529,15.64,1,5.048
29.944,0,-0.0007593,15.736,1,5.056
29.941,0,-0.00075331,15.832,1,5.064
29.937,0,-0.00074703,15.943,1,5.072
29.933,0,-0.0007406,16.062,1,5.08
29.929,0,-0.00073417,16.181,1,5.088
29.924,0,-0.00072743,16.325,1,5.096
29.919,0,-0.00072064,16.474,1,5.104
29.914,0,-0.00071382,16.626,1,5.112
29.908,0,-0.00070677,16.809,1,5.12
29.902,0,-0.00069971,16.993,1,5.128
29.895,0,-0.00069259,17.19,1,5.136
29.888,0,-0.00068535,17.414,1,5.144
29.88,0,-0.00067812,17.638,1,5.152
29.872,0,-0.00067083,17.887,1,5.16
29.863,0,-0.00066351,18.156,1,5.168
29.854,0,-0.00065618,18.426,1,5.176
29.844,0,-0.00064886,18.732,1,5.184
29.833,0,-0.00064153,19.049,1,5.192
29.822,0,-0.00063421,19.366,1,5.2
29.81,0,-0.00062696,19.733,1,5.208
29.798,0,-0.00061971,20.1,1,5.216
29.785,0,-0.0006125,20.479,1,5.224
29.771,0,-0.00060539,20.898,1,5.232
29.757,0,-0.00059828,21.317,1,5.24
29.742,0,-0.00059126,21.759,1,5.248
29.726,0,-0.00058435,22.23,1,5.256
29.71,0,-0.00057744,22.701,1,5.264
29.693,0,-0.00057067,23.206,1,5.272
29.676,0,-0.00056399,23.73,1,5.28
29.658,0,-0.0005573,24.253,1,5.288
29.639,0,-0.00055083,24.822,1,5.296
29.62,0,-0.00054438,25.396,1,5.304
29.6,0,-0.00053796,25.976,1,5.312
29.579,0,-0.00053175,26.602,1,5.32
29.558,0,-0.00052553,27.227,1,5.328
29.536,0,-0.00051939,27.869,1,5.336
29.513,0,-0.00051339,28.543,1,5.344
29.491,0,-0.00050739,29.218,1,5.352
29.467,0,-0.00050149,29.919,1,5.36
29.442,0,-0.00049566,30.642,1,5.368
29.418,0,-0.00048984,31.365,1,5.376
29.392,0,-0.0004841,32.123,1,5.384
29.366,0,-0.00047839,32.893,1,5.392
29.34,0,-0.00047269,33.662,1,5.4
29.312,0,-0.00046704,34.476,1,5.408
29.284,0,-0.00046139,35.29,1,5.416
29.256,0,-0.00045574,36.113,1,5.424
29.227,0,-0.00045008,36.97,1,5.432
29.198,0,-0.00044443,37.827,1,5.44
29.168,0,-0.00043872,38.702,1,5.448
29.137,0,-0.00043294,39.599,1,5.456
29.106,0,-0.00042716,40.497,1,5.464
29.074,0,-0.00042122,41.421,1,5.472
29.042,0,-0.00041519,42.357,1,5.48
29.01,0,-0.00040916,43.293,1,5.488
28.977,0,-0.00040285,44.261,1,5.496
28.943,0,-0.00039651,45.234,1,5.504
28.91,0,-0.00039013,46.21,1,5.512
28.875,0,-0.00038341,47.215,1,5.52
28.84,0,-0.00037669,48.22,1,5.528
28.805,0,-0.00036982,49.235,1,5.536
28.769,0,-0.00036266,50.271,1,5.544
28.733,0,-0.0003555,51.306,1,5.552
28.696,0,-0.00034806,52.355,1,5.56
28.66,0,-0.00034041,53.416,1,5.568
28.623,0,-0.00033276,54.477,1,5.576
28.585,0,-0.00032471,55.555,1,5.584
28.547,0,-0.00031655,56.638,1,5.592
28.509,0,-0.00030839,57.721,1,5.6
28.471,0,-0.00029972,58.821,1,5.608
28.432,0,-0.00029105,59.92,1,5.616
28.393,3.7596e-35,-0.00028227,61.023,1,5.624
28.354,-2.4721e-20,-0.00027311,62.135,1,5.632
28.315,1.0382e-19,-0.00026396,63.247,1,5.64
28.276,0,-0.0002546,64.362,1,5.648
28.236,0,-0.00024499,65.481,1,5.656
28.197,0,-0.00023538,66.601,1,5.664
28.157,0,-0.0002255,67.721,1,5.672
28.117,0,-0.00021549,68.841,1,5.68
28.077,0,-0.00020549,69.962,1,5.688
28.038,0,-0.0001952,71.079,1,5.696
27.998,0,-0.00018488,72.197,1,5.704
27.958,0,-0.00017454,73.313,1,5.712
27.918,0,-0.00016399,74.421,1,5.72
27.879,0,-0.00015344,75.53,1,5.728
27.839,0,-0.00014284,76.634,1,5.736
27.8,0,-0.00013213,77.729,1,5.744
27.761,0,-0.00012142,78.825,1,5.752
27.722,0,-0.00011066,79.91,1,5.76
27.683,0,-9.9864e-05,80.988,1,5.768
27.644,0,-8.9068e-05,82.066,1,5.776
27.605,0,-7.8259e-05,83.127,1,5.784
27.567,0,-6.7446e-05,84.184,1,5.792
27.529,0,-5.6633e-05,85.241,1,5.8
27.491,0,-4.5877e-05,86.274,1,5.808
27.454,0,-3.512e-05,87.307,1,5.816
27.417,0,-2.4387e-05,88.334,1,5.824
27.38,0,-1.3733e-05,89.341,1,5.832
27.343,0,-3.078e-06,90.347,1,5.84
27.307,0,7.4783e-06,91.341,1,5.848
27.271,0,1.7916e-05,92.32,1,5.856
27.235,0,2.8355e-05,93.298,1,5.864
27.2,0,3.8635e-05,94.257,1,5.872
27.165,0,4.8839e-05,95.206,1,5.88
27.13,0,5.9044e-05,96.155,1,5.888
27.096,0,6.8987e-05,97.077,1,5.896
27.062,0,7.8901e-05,97.997,1,5.904
27.028,0,8.8775e-05,98.912,1,5.912
26.996,0,9.8351e-05,99.801,1,5.92
26.963,0,0.00010793,100.69,1,5.928
26.93,0,0.00011738,101.57,1,5.936
26.898,0,0.00012659,102.43,1,5.944
26.866,0,0.00013581,103.29,1,5.952
26.835,0,0.00014481,104.13,1,5.96
26.804,0,0.00015365,104.96,1,5.968
26.773,0,0.0001625,105.79,1,5.976
26.743,0,0.00017106,106.59,1,5.984
26.713,0,0.00017955,107.39,1,5.992
26.683,0,0.00018804,108.19,1,6
26.654,0,0.00019618,108.96,1,6.008
26.625,0,0.00020432,109.74,1,6.016
26.597,0,0.0002124,110.5,1,6.024
26.569,0,0.00022026,111.25,1,6.032
26.541,0,0.00022812,111.99,1,6.04
26.513,0,0.00023586,112.72,1,6.048
26.486,0,0.00024347,113.44,1,6.056
26.459,0,0.00025107,114.16,1,6.064
26.432,0,0.00025852,114.86,1,6.072
26.406,0,0.00026589,115.56,1,6.08
26.38,0,0.00027327,116.25,1,6.088
26.354,0,0.00028048,116.92,1,6.096
26.329,0,0.00028768,117.59,1,6.104
26.304,0,0.00029486,118.26,1,6.112
26.279,0,0.00030193,118.91,1,6.12
26.254,0,0.00030901,119.55,1,6.128
26.23,0,0.00031606,120.19,1,6.136
26.206,0,0.00032305,120.82,1,6.144
26.182,0,0.00033005,121.45,1,6.152
26.159,0,0.00033703,122.06,1,6.16
26.136,0,0.00034399,122.67,1,6.168
26.112,0,0.00035095,123.27,1,6.176
26.09,0,0.00035792,123.86,1,6.184
26.067,0,0.00036489,124.45,1,6.192
26.045,0,0.00037185,125.04,1,6.2
26.023,0,0.00037885,125.61,1,6.208
26.001,0,0.00038584,126.18,1,6.216
25.979,0,0.00039284,126.74,1,6.224
25.958,0,0.00039988,127.29,1,6.232
25.937,0,0.00040692,127.84,1,6.24
25.916,0,0.00041397,128.39,1,6.248
25.895,0,0.00042104,128.93,1,6.256
25.875,0,0.00042812,129.46,1,6.264
25.854,0,0.00043522,129.99,1,6.272
25.834,0,0.00044234,130.51,1,6.28
25.814,0,0.00044947,131.03,1,6.288
25.794,0,0.00045661,131.54,1,6.296
25.775,0,0.00046375,132.05,1,6.304
25.755,0,0.00047089,132.56,1,6.312
25.736,0,0.00047803,133.05,1,6.32
25.717,0,0.00048517,133.54,1,6.328
25.697,0,0.00049231,134.03,1,6.336
25.679,0,0.00049945,134.52,1,6.344
25.66,0,0.00050658,135,1,6.352
25.641,0,0.00051372,135.48,1,6.36
25.623,0,0.00052085,135.95,1,6.368
25.605,0,0.00052798,136.42,1,6.376
25.587,0,0.00053514,136.88,1,6.384
25.569,0,0.00054229,137.34,1,6.392
25.551,0,0.00054945,137.8,1,6.4
25.533,0,0.00055666,138.25,1,6.408
25.516,0,0.00056387,138.7,1,6.416
25.498,0,0.00057111,139.15,1,6.424
25.481,0,0.00057842,139.59,1,6.432
25.464,0,0.00058574,140.03,1,6.44
25.446,0,0.00059313,140.46,1,6.448
25.43,0,0.00060062,140.9,1,6.456
25.413,0,0.0006081,141.33,1,6.464
25.396,0,0.00061576,141.75,1,6.472
25.379,0,0.00062349,142.18,1,6.48
25.363,0,0.00063122,142.6,1,6.488
25.346,0,0.00063925,143.02,1,6.496
25.33,0,0.00064732,143.43,1,6.504
25.313,0,0.00065544,143.85,1,6.512
25.297,0,0.00066394,144.25,1,6.52
25.281,0,0.00067245,144.66,1,6.528
25.265,0,0.00068114,145.07,1,6.536
25.249,0,0.00069019,145.47,1,6.544
25.234,0,0.00069925,145.87,1,6.552
25.218,0,0.00070868,146.27,1,6.56
25.202,0,0.00071841,146.66,1,6.568
25.187,0,0.00072814,147.06,1,6.576
25.171,0,0.00073849,147.45,1,6.584
25.156,0,0.00074902,147.83,1,6.592
25.14,0,0.00075955,148.22,1,6.6
25.125,0,0.000771,148.6,1,6.608
25.11,0,0.00078245,148.99,1,6.616
25.095,0,0.00079414,149.37,1,6.624
25.08,0,0.00080661,149.75,1,6.632
25.065,0,0.00081909,150.12,1,6.64
25.05,0,0.00083208,150.5,1,6.648
25.035,0,0.0008457,150.87,1,6.656
25.02,0,0.00085931,151.24,1,6.664
25.006,0,0.00087374,151.61,1,6.672
24.991,0,0.00088857,151.98,1,6.68
24.976,0,0.0009034,152.35,1,6.688
24.962,0,0.00091937,152.71,1,6.696
24.947,0,0.00093548,153.07,1,6.704
24.933,0,0.00095174,153.43,1,6.712
24.918,0,0.00096916,153.79,1,6.72
24.904,0,0.00098658,154.15,1,6.728
24.89,0,0.0010045,154.51,1,6.736
24.876,0,0.0010233,154.86,1,6.744
24.861,0,0.0010422,155.22,1,6.752
24.847,0,0.0010618,155.57,1,6.76
24.833,0,0.0010821,155.92,1,6.768
24.819,0,0.0011024,156.27,1,6.776
24.805,0,0.0011238,156.62,1,6.784
24.791,0,0.0011456,156.97,1,6.792
24.777,0,0.0011674,157.31,1,6.8
24.763,0,0.0011907,157.66,1,6.808
24.749,0,0.001214,158,1,6.816
24.736,0,0.0012377,158.34,1,6.824
24.722,0,0.0012626,158.68,1,6.832
24.708,0,0.0012875,159.02,1,6.84
24.694,0,0.0013131,159.36,1,6.848
24.681,0,0.0013395,159.7,1,6.856
24.667,0,0.001366,160.04,1,6.864
24.654,0,0.0013935,160.37,1,6.872
24.64,0,0.0014215,160.71,1,6.88
24.627,0,0.0014496,161.04,1,6.888
24.613,0,0.0014791,161.38,1,6.896
24.6,0,0.0015087,161.71,1,6.904
24.586,0,0.0015385,162.04,1,6.912
24.573,0,0.0015697,162.37,1,6.92
24.559,0,0.0016009,162.7,1,6.928
24.546,0,0.0016327,163.03,1,6.936
24.533,0,0.0016654,163.36,1,6.944
24.519,0,0.0016982,163.69,1,6.952
24.506,0,0.0017318,164.02,1,6.96
24.493,0,0.0017661,164.34,1,6.968
24.479,0,0.0018005,164.67,1,6.976
24.466,0,0.001836,164.99,1,6.984
24.453,0,0.0018718,165.32,1,6.992
24.44,0,0.0019076,165.64,1,7
24.427,0,0.0019449,165.96,1,7.008
24.413,0,0.0019823,166.29,1,7.016
24.4,0,0.0020199,166.61,1,7.024
24.387,0,0.0020587,166.93,1,7.032
24.374,0,0.0020974,167.25,1,7.04
24.361,0,0.0021368,167.58,1,7.048
24.348,0,0.0021769,167.9,1,7.056
24.335,0,0.002217,168.22,1,7.064
24.322,0,0.0022579,168.54,1,7.072
24.308,0,0.0022993,168.86,1,7.08
24.295,0,0.0023406,169.18,1,7.088
24.282,0,0.002383,169.5,1,7.096
24.269,0,0.0024256,169.82,1,7.104
24.256,0,0.0024683,170.13,1,7.112
24.243,0,0.002512,170.45,1,7.12
24.23,0,0.0025557,170.77,1,7.128
24.217,0,0.0025999,171.09,1,7.136
24.203,0,0.0026447,171.41,1,7.144
24.19,0,0.0026896,171.73,1,7.152
24.177,0,0.0027351,172.05,1,7.16
24.164,0,0.0027812,172.37,1,7.168
24.151,0,0.0028272,172.69,1,7.176
24.138,0,0.0028742,173.01,1,7.184
24.124,0,0.0029214,173.33,1,7.192
24.111,0,0.0029687,173.65,1,7.2
24.098,0,0.0030172,173.97,1,7.208
24.085,0,0.0030658,174.29,1,7.216
24.071,0,0.0031146,174.61,1,7.224
24.058,0,0.0031645,174.94,1,7.232
24.045,0,0.0032145,175.26,1,7.24
24.031,0,0.003265,175.58,1,7.248
24.018,0,0.0033164,175.91,1,7.256
24.004,0,0.0033678,176.23,1,7.264
23.991,0,0.0034202,176.56,1,7.272
23.977,0,0.0034731,176.89,1,7.28
23.964,0,0.003526,177.21,1,7.288
23.95,0,0.0035804,177.54,1,7.296
23.936,0,0.003635,177.87,1,7.304
23.923,0,0.0036897,178.2,1,7.312
23.909,0,0.0037459,178.53,1,7.32
23.895,0,0.0038021,178.87,1,7.328
23.881,0,0.0038589,179.2,1,7.336
23.867,0,0.0039168,179.54,1,7.344
23.853,0,0.0039747,179.87,1,7.352
23.839,0,0.0040336,180.21,1,7.36
23.824,0,0.0040932,180.56,1,7.368
23.81,0,0.0041529,180.9,1,7.376
23.796,0,0.0042139,181.24,1,7.384
23.781,0,0.0042752,181.59,1,7.392
23.767,0,0.0043366,181.93,1,7.4
23.752,0,0.0043997,182.29,1,7.408
23.737,0,0.0044629,182.64,1,7.416
23.722,0,0.0045264,182.99,1,7.424
23.707,0,0.0045913,183.35,1,7.432
23.692,-1.4886e-18,0.0046562,183.71,1,7.44
23.677,0,0.0047219,184.07,1,7.448
23.662,0,0.0047887,184.43,1,7.456
23.646,0,0.0048554,184.8,1,7.464
23.631,-1.382e-18,0.0049234,185.17,1,7.472
23.615,0,0.0049921,185.54,1,7.48
23.599,0,0.0050607,185.92,1,7.488
23.583,0,0.0051311,186.3,1,7.496
23.567,0,0.0052017,186.68,1,7.504
23.551,0,0.0052724,187.06,1,7.512
23.534,0,0.005345,187.46,1,7.52
23.518,0,0.0054176,187.85,1,7.528
23.501,0,0.0054907,188.24,1,7.536
23.484,0,0.0055652,188.65,1,7.544
23.467,0,0.0056398,189.05,1,7.552
23.449,0,0.0057152,189.46,1,7.56
23.432,0,0.0057916,189.87,1,7.568
23.414,0,0.005868,190.29,1,7.576
23.396,0,0.0059458,190.71,1,7.584
23.378,0,0.006024,191.14,1,7.592
23.36,0,0.0061023,191.57,1,7.6
23.341,0,0.0061822,192.01,1,7.608
23.322,-7.527e-19,0.0062623,192.45,1,7.616
23.303,0,0.0063425,192.89,1,7.624
23.284,0,0.0064244,193.35,1,7.632
23.264,-6.2068e-19,0.0065063,193.8,1,7.64
23.245,0,0.0065887,194.27,1,7.648
23.224,0,0.0066725,194.74,1,7.656
23.204,0,0.0067562,195.21,1,7.664
23.183,0,0.006841,195.69,1,7.672
23.162,0,0.0069267,196.18,1,7.68
23.141,0,0.0070125,196.67,1,7.688
23.12,-8.3634e-19,0.0070999,197.17,1,7.696
23.098,0,0.0071879,197.68,1,7.704
23.076,0,0.007276,198.19,1,7.712
23.053,-1.1748e-19,0.0073665,198.71,1,7.72
23.031,-1.2368e-19,0.0074571,199.24,1,7.728
23.008,0,0.0075482,199.77,1,7.736
22.984,0,0.0076418,200.32,1,7.744
22.96,5.5413e-19,0.0077353,200.86,1,7.752
22.936,0,0.00783,201.42,1,7.76
22.912,0,0.0079266,201.99,1,7.768
22.887,0,0.0080233,202.55,1,7.776
22.862,2.4786e-18,0.0081218,203.13,1,7.784
22.836,4.1742e-19,0.0082217,203.72,1,7.792
22.81,0,0.0083216,204.31,1,7.8
22.784,0,0.0084239,204.92,1,7.808
22.757,1.8341e-18,0.0085271,205.53,1,7.816
22.73,0,0.0086302,206.14,1,7.824
22.703,0,0.0087362,206.78,1,7.832
22.675,0,0.0088423,207.41,1,7.84
22.647,0,0.0089489,208.05,1,7.848
22.618,0,0.0090577,208.71,1,7.856
22.589,0,0.0091665,209.37,1,7.864
22.559,0,0.0092762,210.03,1,7.872
22.529,0,0.0093874,210.72,1,7.88
22.5,0,0.0094985,211.4,1,7.888
22.468,0,0.0096107,212.09,1,7.896
22.437,0,0.0097237,212.8,1,7.904
22.405,0,0.0098367,213.5,1,7.912
22.374,0,0.0099519,214.23,1,7.92
22.343,0,0.010068,214.98,1,7.928
22.312,0,0.010183,215.72,1,7.936
22.273,0,0.010295,216.44,1,7.944
22.233,0,0.010407,217.15,1,7.952
22.199,0,0.010526,217.92,1,7.96
22.18,0,0.010666,218.84,1,7.968
22.162,0,0.010806,219.75,1,7.976
22.142,0,0.010922,220.52,1,7.984
22.122,0,0.011014,221.14,1,7.992
22.03,0.010652,0.011106,221.76,1,8
