Time,Ux,Uy,Uz,p
1,1.00E+00,1.00E+00,1.00E+00,1.00E+00
2,5.71E-02,1.55E-01,1.54E-01,5.14E-03
3,4.37E-01,3.65E-01,3.44E-01,1.65E-05
4,2.49E-01,2.04E-01,2.02E-01,1.76E-05
5,5.10E-02,9.30E-02,9.07E-02,7.79E-04
6,2.27E-01,1.48E-01,1.35E-01,2.86E-05
7,2.00E-01,1.53E-01,1.52E-01,2.92E-05
8,6.43E-02,8.71E-02,8.62E-02,2.37E-02
9,1.44E-01,1.05E-01,9.52E-02,3.17E-05
10,8.82E-02,8.65E-02,8.43E-02,3.54E-05
11,3.99E-02,6.23E-02,6.09E-02,2.00E-03
12,7.87E-02,7.44E-02,6.61E-02,5.59E-05
13,5.49E-02,6.83E-02,6.41E-02,6.26E-05
14,3.52E-02,5.63E-02,5.41E-02,4.05E-04
15,5.12E-02,6.01E-02,5.70E-02,6.08E-05
16,3.43E-02,5.89E-02,5.54E-02,6.57E-05
17,2.60E-02,5.14E-02,4.94E-02,7.29E-04
18,3.41E-02,4.91E-02,4.67E-02,1.23E-04
19,2.69E-02,5.01E-02,4.78E-02,1.53E-04
20,2.20E-02,4.95E-02,4.83E-02,2.75E-04
21,2.45E-02,5.09E-02,4.85E-02,7.47E-05
22,2.23E-02,5.06E-02,4.75E-02,8.81E-05
23,1.95E-02,4.75E-02,4.48E-02,3.63E-04
24,2.03E-02,4.72E-02,4.36E-02,2.58E-03
25,1.93E-02,4.90E-02,4.52E-02,1.31E-02
26,1.77E-02,4.97E-02,4.55E-02,6.78E-04
27,1.78E-02,4.96E-02,4.50E-02,4.00E-04
28,1.85E-02,4.90E-02,4.41E-02,4.25E-04
29,1.75E-02,4.90E-02,4.36E-02,6.36E-04
30,1.72E-02,4.98E-02,4.42E-02,1.18E-03
31,1.72E-02,5.09E-02,4.54E-02,1.31E-03
32,1.68E-02,5.13E-02,4.56E-02,8.85E-04
33,1.65E-02,5.13E-02,4.51E-02,6.09E-04
34,1.67E-02,5.16E-02,4.52E-02,5.34E-04
35,1.65E-02,5.23E-02,4.63E-02,5.83E-04
36,1.62E-02,5.29E-02,4.68E-02,6.70E-04
37,1.61E-02,5.34E-02,4.68E-02,7.38E-04
38,1.61E-02,5.36E-02,4.69E-02,7.07E-04
39,1.60E-02,5.41E-02,4.74E-02,6.12E-04
40,1.58E-02,5.47E-02,4.82E-02,5.20E-04
41,1.56E-02,5.48E-02,4.86E-02,5.01E-04
42,1.55E-02,5.55E-02,4.88E-02,4.87E-04
43,1.56E-02,5.59E-02,4.90E-02,4.72E-04
44,1.56E-02,5.68E-02,4.97E-02,4.68E-04
45,1.56E-02,5.75E-02,5.04E-02,4.76E-04
46,1.55E-02,5.82E-02,5.08E-02,4.64E-04
47,1.55E-02,5.89E-02,5.13E-02,4.48E-04
48,1.55E-02,5.96E-02,5.21E-02,4.25E-04
49,1.56E-02,5.99E-02,5.29E-02,4.00E-04
50,1.57E-02,6.10E-02,5.37E-02,3.86E-04
51,1.58E-02,6.27E-02,5.45E-02,3.79E-04
52,1.58E-02,6.34E-02,5.55E-02,3.82E-04
53,1.59E-02,6.44E-02,5.67E-02,3.85E-04
54,1.60E-02,6.55E-02,5.78E-02,3.84E-04
55,1.61E-02,6.67E-02,5.89E-02,3.78E-04
56,1.61E-02,6.82E-02,5.99E-02,3.84E-04
57,1.61E-02,6.90E-02,6.11E-02,3.89E-04
58,1.61E-02,7.01E-02,6.23E-02,3.93E-04
59,1.62E-02,7.14E-02,6.35E-02,3.81E-04
60,1.63E-02,7.22E-02,6.45E-02,3.72E-04
61,1.64E-02,7.26E-02,6.52E-02,3.66E-04
62,1.64E-02,7.32E-02,6.57E-02,3.58E-04
63,1.64E-02,7.34E-02,6.56E-02,3.49E-04
64,1.63E-02,7.30E-02,6.51E-02,3.40E-04
65,1.63E-02,7.24E-02,6.44E-02,3.30E-04
66,1.62E-02,7.14E-02,6.36E-02,3.23E-04
67,1.59E-02,7.05E-02,6.28E-02,3.19E-04
68,1.57E-02,6.99E-02,6.20E-02,3.19E-04
69,1.54E-02,6.92E-02,6.11E-02,3.05E-04
70,1.51E-02,6.86E-02,6.01E-02,2.91E-04
71,1.47E-02,6.80E-02,5.91E-02,2.75E-04
72,1.43E-02,6.74E-02,5.80E-02,2.58E-04
73,1.39E-02,6.68E-02,5.68E-02,2.43E-04
74,1.36E-02,6.64E-02,5.58E-02,2.29E-04
75,1.32E-02,6.59E-02,5.49E-02,2.17E-04
76,1.29E-02,6.53E-02,5.39E-02,2.06E-04
77,1.26E-02,6.47E-02,5.30E-02,1.95E-04
78,1.24E-02,6.42E-02,5.22E-02,1.85E-04
79,1.21E-02,6.37E-02,5.16E-02,1.76E-04
80,1.19E-02,6.32E-02,5.11E-02,1.67E-04
81,1.16E-02,6.27E-02,5.05E-02,1.58E-04
82,1.14E-02,6.20E-02,4.99E-02,1.50E-04
83,1.14E-02,6.09E-02,4.87E-02,1.45E-04
84,1.14E-02,5.99E-02,4.77E-02,1.42E-04
85,1.12E-02,6.01E-02,4.77E-02,1.37E-04
86,1.11E-02,6.08E-02,4.71E-02,1.30E-04
87,1.09E-02,6.09E-02,4.72E-02,1.25E-04
88,1.09E-02,5.93E-02,4.73E-02,1.21E-04
89,1.08E-02,5.88E-02,4.59E-02,1.17E-04
90,1.06E-02,5.87E-02,4.55E-02,1.10E-04
91,1.04E-02,5.87E-02,4.54E-02,1.04E-04
92,1.02E-02,5.84E-02,4.53E-02,9.84E-05
93,9.97E-03,5.78E-02,4.49E-02,9.34E-05
94,9.76E-03,5.69E-02,4.41E-02,8.88E-05
95,9.53E-03,5.62E-02,4.33E-02,8.49E-05
96,9.30E-03,5.56E-02,4.26E-02,8.11E-05
97,9.08E-03,5.49E-02,4.20E-02,7.78E-05
98,8.90E-03,5.30E-02,4.14E-02,7.40E-05
99,8.73E-03,5.24E-02,3.97E-02,7.13E-05
100,8.53E-03,5.10E-02,3.90E-02,6.94E-05
101,8.21E-03,5.02E-02,3.82E-02,6.71E-05
102,7.91E-03,4.97E-02,3.73E-02,6.35E-05
103,7.77E-03,4.83E-02,3.59E-02,6.11E-05
104,7.53E-03,4.71E-02,3.47E-02,5.97E-05
105,7.27E-03,4.63E-02,3.39E-02,5.83E-05
106,7.01E-03,4.57E-02,3.33E-02,5.68E-05
107,6.90E-03,4.46E-02,3.23E-02,5.69E-05
108,6.72E-03,4.37E-02,3.17E-02,5.82E-05
109,6.53E-03,4.33E-02,3.13E-02,5.81E-05
110,6.44E-03,4.25E-02,3.08E-02,5.87E-05
111,6.28E-03,4.22E-02,3.06E-02,5.87E-05
112,6.13E-03,4.19E-02,3.05E-02,5.72E-05
113,6.09E-03,4.11E-02,2.99E-02,5.66E-05
114,5.96E-03,4.08E-02,2.96E-02,5.54E-05
115,5.90E-03,4.05E-02,2.92E-02,5.46E-05
116,5.82E-03,4.03E-02,2.88E-02,5.39E-05
117,5.73E-03,4.02E-02,2.84E-02,5.34E-05
118,5.63E-03,4.03E-02,2.81E-02,5.29E-05
119,5.54E-03,4.03E-02,2.78E-02,5.23E-05
120,5.46E-03,4.02E-02,2.74E-02,5.22E-05
121,5.39E-03,3.98E-02,2.71E-02,5.24E-05
122,5.30E-03,3.92E-02,2.66E-02,5.26E-05
123,5.21E-03,3.86E-02,2.61E-02,5.37E-05
124,5.04E-03,3.85E-02,2.59E-02,5.30E-05
125,4.98E-03,3.79E-02,2.53E-02,5.31E-05
126,4.87E-03,3.75E-02,2.49E-02,5.35E-05
127,4.77E-03,3.71E-02,2.46E-02,5.33E-05
128,4.69E-03,3.68E-02,2.44E-02,5.26E-05
129,4.62E-03,3.66E-02,2.42E-02,5.21E-05
130,4.56E-03,3.64E-02,2.40E-02,5.16E-05
131,4.51E-03,3.61E-02,2.39E-02,5.10E-05
132,4.46E-03,3.59E-02,2.38E-02,5.13E-05
133,4.41E-03,3.57E-02,2.37E-02,5.09E-05
134,4.42E-03,3.49E-02,2.33E-02,5.06E-05
135,4.35E-03,3.47E-02,2.31E-02,5.02E-05
136,4.34E-03,3.44E-02,2.27E-02,4.97E-05
137,4.32E-03,3.40E-02,2.22E-02,4.96E-05
138,4.28E-03,3.37E-02,2.18E-02,4.96E-05
139,4.24E-03,3.35E-02,2.15E-02,4.94E-05
140,4.20E-03,3.34E-02,2.12E-02,4.94E-05
141,4.16E-03,3.32E-02,2.10E-02,4.96E-05
142,4.13E-03,3.29E-02,2.07E-02,4.98E-05
143,4.09E-03,3.25E-02,2.04E-02,4.98E-05
144,4.04E-03,3.21E-02,2.02E-02,4.98E-05
145,3.98E-03,3.17E-02,1.99E-02,4.95E-05
146,3.92E-03,3.12E-02,1.97E-02,4.87E-05
147,3.84E-03,3.12E-02,1.93E-02,4.82E-05
148,3.80E-03,3.07E-02,1.91E-02,4.75E-05
149,3.75E-03,3.06E-02,1.88E-02,4.70E-05
150,3.71E-03,3.01E-02,1.85E-02,4.65E-05
151,3.67E-03,2.96E-02,1.84E-02,4.56E-05
152,3.61E-03,2.96E-02,1.81E-02,4.51E-05
153,3.56E-03,2.92E-02,1.79E-02,4.50E-05
154,3.50E-03,2.90E-02,1.77E-02,4.48E-05
155,3.47E-03,2.83E-02,1.76E-02,4.48E-05
156,3.42E-03,2.81E-02,1.74E-02,4.42E-05
157,3.37E-03,2.80E-02,1.72E-02,4.35E-05
158,3.33E-03,2.78E-02,1.71E-02,4.30E-05
159,3.30E-03,2.75E-02,1.68E-02,4.21E-05
160,3.27E-03,2.72E-02,1.66E-02,4.10E-05
161,3.25E-03,2.70E-02,1.64E-02,3.99E-05
162,3.20E-03,2.68E-02,1.66E-02,3.92E-05
163,3.16E-03,2.66E-02,1.63E-02,3.85E-05
164,3.11E-03,2.63E-02,1.62E-02,3.77E-05
165,3.06E-03,2.60E-02,1.62E-02,3.64E-05
166,3.01E-03,2.56E-02,1.61E-02,3.55E-05
167,2.96E-03,2.53E-02,1.59E-02,3.45E-05
168,2.90E-03,2.48E-02,1.57E-02,3.37E-05
169,2.84E-03,2.42E-02,1.55E-02,3.28E-05
170,2.79E-03,2.36E-02,1.52E-02,3.20E-05
171,2.74E-03,2.31E-02,1.50E-02,3.12E-05
172,2.70E-03,2.26E-02,1.48E-02,3.05E-05
173,2.66E-03,2.21E-02,1.45E-02,2.97E-05
174,2.62E-03,2.18E-02,1.43E-02,2.88E-05
175,2.58E-03,2.14E-02,1.41E-02,2.78E-05
176,2.55E-03,2.10E-02,1.40E-02,2.72E-05
177,2.52E-03,2.07E-02,1.38E-02,2.64E-05
178,2.49E-03,2.03E-02,1.37E-02,2.55E-05
179,2.46E-03,2.00E-02,1.35E-02,2.47E-05
180,2.42E-03,1.97E-02,1.33E-02,2.39E-05
181,2.40E-03,1.95E-02,1.32E-02,2.33E-05
182,2.37E-03,1.92E-02,1.30E-02,2.26E-05
183,2.35E-03,1.89E-02,1.29E-02,2.20E-05
184,2.32E-03,1.87E-02,1.28E-02,2.14E-05
185,2.30E-03,1.84E-02,1.27E-02,2.10E-05
186,2.28E-03,1.81E-02,1.26E-02,2.07E-05
187,2.25E-03,1.79E-02,1.25E-02,2.03E-05
188,2.22E-03,1.76E-02,1.24E-02,2.01E-05
189,2.19E-03,1.72E-02,1.23E-02,1.98E-05
190,2.17E-03,1.69E-02,1.22E-02,1.96E-05
191,2.14E-03,1.65E-02,1.21E-02,1.94E-05
192,2.11E-03,1.61E-02,1.20E-02,1.91E-05
193,2.08E-03,1.57E-02,1.19E-02,1.87E-05
194,2.04E-03,1.52E-02,1.18E-02,1.82E-05
195,2.00E-03,1.48E-02,1.17E-02,1.78E-05
196,1.96E-03,1.44E-02,1.16E-02,1.75E-05
197,1.93E-03,1.38E-02,1.15E-02,1.70E-05
198,1.88E-03,1.35E-02,1.13E-02,1.66E-05
199,1.84E-03,1.31E-02,1.11E-02,1.63E-05
200,1.80E-03,1.28E-02,1.10E-02,1.59E-05
201,1.76E-03,1.24E-02,1.07E-02,1.55E-05
202,1.71E-03,1.21E-02,1.03E-02,1.51E-05
203,1.67E-03,1.18E-02,9.99E-03,1.48E-05
204,1.63E-03,1.15E-02,9.66E-03,1.45E-05
205,1.59E-03,1.12E-02,9.34E-03,1.42E-05
206,1.55E-03,1.09E-02,9.01E-03,1.40E-05
207,1.51E-03,1.05E-02,8.69E-03,1.38E-05
208,1.47E-03,1.02E-02,8.38E-03,1.36E-05
209,1.43E-03,9.93E-03,8.10E-03,1.37E-05
210,1.38E-03,9.76E-03,7.96E-03,1.34E-05
211,1.35E-03,9.47E-03,7.60E-03,1.30E-05
212,1.33E-03,9.10E-03,7.24E-03,1.28E-05
213,1.28E-03,8.79E-03,7.23E-03,1.25E-05
214,1.25E-03,8.54E-03,7.21E-03,1.19E-05
215,1.23E-03,8.21E-03,6.95E-03,1.16E-05
216,1.20E-03,7.88E-03,6.66E-03,1.16E-05
217,1.16E-03,7.73E-03,6.56E-03,1.15E-05
218,1.11E-03,7.71E-03,6.63E-03,1.09E-05
219,1.08E-03,7.54E-03,6.45E-03,1.07E-05
220,1.05E-03,7.39E-03,6.26E-03,1.03E-05
221,1.02E-03,7.13E-03,5.97E-03,1.01E-05
222,9.77E-04,6.96E-03,5.79E-03,9.70E-06
223,9.29E-04,6.78E-03,5.65E-03,9.32E-06
224,8.86E-04,6.54E-03,5.50E-03,8.87E-06
225,8.51E-04,6.23E-03,5.30E-03,8.49E-06
226,8.20E-04,5.92E-03,5.08E-03,8.12E-06
227,7.91E-04,5.63E-03,4.86E-03,7.74E-06
228,7.62E-04,5.37E-03,4.64E-03,7.35E-06
229,7.34E-04,5.13E-03,4.43E-03,6.99E-06
230,7.10E-04,4.90E-03,4.23E-03,6.65E-06
231,6.89E-04,4.69E-03,4.05E-03,6.35E-06
232,6.71E-04,4.52E-03,3.90E-03,6.06E-06
233,6.54E-04,4.37E-03,3.78E-03,5.78E-06
234,6.37E-04,4.23E-03,3.66E-03,5.52E-06
235,6.20E-04,4.09E-03,3.53E-03,5.28E-06
236,6.05E-04,3.95E-03,3.40E-03,5.06E-06
237,5.89E-04,3.83E-03,3.27E-03,4.86E-06
238,5.75E-04,3.71E-03,3.16E-03,4.67E-06
239,5.61E-04,3.61E-03,3.06E-03,4.51E-06
240,5.48E-04,3.51E-03,2.96E-03,4.36E-06
241,5.37E-04,3.41E-03,2.87E-03,4.21E-06
242,5.26E-04,3.30E-03,2.77E-03,4.09E-06
243,5.14E-04,3.21E-03,2.67E-03,3.97E-06
244,5.03E-04,3.11E-03,2.59E-03,3.86E-06
245,4.91E-04,3.03E-03,2.52E-03,3.76E-06
246,4.80E-04,2.95E-03,2.44E-03,3.65E-06
247,4.71E-04,2.88E-03,2.37E-03,3.54E-06
248,4.62E-04,2.80E-03,2.30E-03,3.44E-06
249,4.52E-04,2.73E-03,2.23E-03,3.34E-06
250,4.43E-04,2.66E-03,2.15E-03,3.26E-06
251,4.33E-04,2.60E-03,2.11E-03,3.16E-06
252,4.23E-04,2.55E-03,2.05E-03,3.06E-06
253,4.15E-04,2.49E-03,2.00E-03,2.97E-06
254,4.11E-04,2.44E-03,1.96E-03,2.89E-06
255,4.04E-04,2.38E-03,1.89E-03,2.80E-06
256,3.96E-04,2.33E-03,1.83E-03,2.74E-06
257,3.88E-04,2.29E-03,1.79E-03,2.67E-06
258,3.80E-04,2.24E-03,1.76E-03,2.59E-06
259,3.74E-04,2.19E-03,1.74E-03,2.52E-06
260,3.68E-04,2.14E-03,1.71E-03,2.46E-06
261,3.64E-04,2.09E-03,1.68E-03,2.40E-06
262,3.59E-04,2.04E-03,1.63E-03,2.35E-06
263,3.53E-04,1.99E-03,1.58E-03,2.30E-06
264,3.46E-04,1.94E-03,1.53E-03,2.25E-06
265,3.39E-04,1.89E-03,1.49E-03,2.19E-06
266,3.32E-04,1.83E-03,1.46E-03,2.13E-06
267,3.26E-04,1.78E-03,1.43E-03,2.07E-06
268,3.20E-04,1.73E-03,1.39E-03,2.01E-06
269,3.14E-04,1.69E-03,1.34E-03,1.95E-06
270,3.08E-04,1.64E-03,1.30E-03,1.90E-06
271,3.01E-04,1.59E-03,1.25E-03,1.85E-06
272,2.95E-04,1.54E-03,1.20E-03,1.79E-06
273,2.88E-04,1.50E-03,1.16E-03,1.74E-06
274,2.82E-04,1.46E-03,1.12E-03,1.69E-06
275,2.76E-04,1.42E-03,1.09E-03,1.64E-06
276,2.70E-04,1.38E-03,1.05E-03,1.59E-06
277,2.65E-04,1.34E-03,1.02E-03,1.55E-06
278,2.59E-04,1.31E-03,9.89E-04,1.52E-06
279,2.53E-04,1.27E-03,9.63E-04,1.49E-06
280,2.48E-04,1.24E-03,9.40E-04,1.47E-06
281,2.43E-04,1.21E-03,9.19E-04,1.44E-06
282,2.38E-04,1.18E-03,8.99E-04,1.42E-06
283,2.33E-04,1.14E-03,8.78E-04,1.40E-06
284,2.29E-04,1.12E-03,8.58E-04,1.38E-06
285,2.24E-04,1.09E-03,8.38E-04,1.36E-06
286,2.20E-04,1.06E-03,8.20E-04,1.35E-06
287,2.16E-04,1.04E-03,8.02E-04,1.33E-06
288,2.12E-04,1.01E-03,7.82E-04,1.31E-06
289,2.09E-04,9.91E-04,7.62E-04,1.30E-06
290,2.06E-04,9.68E-04,7.41E-04,1.29E-06
291,2.03E-04,9.47E-04,7.21E-04,1.27E-06
292,2.00E-04,9.27E-04,7.03E-04,1.26E-06
293,1.97E-04,9.08E-04,6.87E-04,1.25E-06
294,1.94E-04,8.90E-04,6.72E-04,1.24E-06
295,1.92E-04,8.72E-04,6.57E-04,1.22E-06
296,1.89E-04,8.54E-04,6.42E-04,1.20E-06
297,1.86E-04,8.37E-04,6.27E-04,1.19E-06
298,1.84E-04,8.19E-04,6.14E-04,1.17E-06
299,1.81E-04,8.02E-04,6.02E-04,1.15E-06
300,1.79E-04,7.86E-04,5.91E-04,1.13E-06
301,1.76E-04,7.70E-04,5.82E-04,1.11E-06
302,1.73E-04,7.54E-04,5.72E-04,1.09E-06
303,1.70E-04,7.38E-04,5.62E-04,1.07E-06
304,1.68E-04,7.21E-04,5.53E-04,1.06E-06
305,1.65E-04,7.04E-04,5.43E-04,1.04E-06
306,1.62E-04,6.88E-04,5.34E-04,1.02E-06
307,1.59E-04,6.73E-04,5.25E-04,1.01E-06
308,1.57E-04,6.58E-04,5.15E-04,9.94E-07
309,1.54E-04,6.44E-04,5.05E-04,9.81E-07
310,1.51E-04,6.29E-04,4.95E-04,9.69E-07
311,1.49E-04,6.16E-04,4.85E-04,9.59E-07
312,1.46E-04,6.03E-04,4.75E-04,9.51E-07
313,1.43E-04,5.90E-04,4.66E-04,9.45E-07
314,1.41E-04,5.79E-04,4.57E-04,9.41E-07
315,1.39E-04,5.68E-04,4.48E-04,9.38E-07
316,1.36E-04,5.58E-04,4.39E-04,9.36E-07
317,1.34E-04,5.48E-04,4.30E-04,9.35E-07
318,1.31E-04,5.38E-04,4.22E-04,9.34E-07
319,1.29E-04,5.29E-04,4.15E-04,9.33E-07
320,1.27E-04,5.20E-04,4.07E-04,9.33E-07
321,1.24E-04,5.12E-04,4.01E-04,9.33E-07
322,1.22E-04,5.03E-04,3.95E-04,9.32E-07
323,1.20E-04,4.96E-04,3.88E-04,9.31E-07
324,1.18E-04,4.88E-04,3.82E-04,9.30E-07
325,1.16E-04,4.80E-04,3.77E-04,9.29E-07
326,1.14E-04,4.72E-04,3.71E-04,9.27E-07
327,1.12E-04,4.64E-04,3.66E-04,9.24E-07
328,1.10E-04,4.56E-04,3.60E-04,9.20E-07
329,1.08E-04,4.48E-04,3.55E-04,9.16E-07
330,1.06E-04,4.41E-04,3.50E-04,9.12E-07
331,1.04E-04,4.34E-04,3.46E-04,9.08E-07
332,1.03E-04,4.26E-04,3.41E-04,9.04E-07
333,1.01E-04,4.19E-04,3.36E-04,9.00E-07
334,9.95E-05,4.13E-04,3.32E-04,8.95E-07
335,9.80E-05,4.06E-04,3.27E-04,8.91E-07
336,9.66E-05,3.99E-04,3.22E-04,8.86E-07
337,9.49E-05,3.89E-04,3.12E-04,9.27E-07
338,9.38E-05,3.87E-04,3.11E-04,8.95E-07
339,9.26E-05,3.84E-04,3.11E-04,8.76E-07
340,9.11E-05,3.74E-04,3.01E-04,9.02E-07
341,9.01E-05,3.71E-04,3.00E-04,8.66E-07
342,8.89E-05,3.66E-04,2.98E-04,8.54E-07
343,8.75E-05,3.56E-04,2.87E-04,8.81E-07
344,8.64E-05,3.52E-04,2.84E-04,8.50E-07
345,8.53E-05,3.48E-04,2.81E-04,8.34E-07
346,8.39E-05,3.38E-04,2.72E-04,8.58E-07
347,8.30E-05,3.36E-04,2.71E-04,8.22E-07
348,8.16E-05,3.27E-04,2.63E-04,8.52E-07
349,8.08E-05,3.27E-04,2.66E-04,8.03E-07
350,7.95E-05,3.18E-04,2.58E-04,8.27E-07
351,7.86E-05,3.16E-04,2.60E-04,7.79E-07
352,7.73E-05,3.07E-04,2.52E-04,8.01E-07
353,7.65E-05,3.05E-04,2.52E-04,7.60E-07
354,7.52E-05,2.96E-04,2.44E-04,7.82E-07
355,7.44E-05,2.95E-04,2.44E-04,7.42E-07
356,7.33E-05,2.86E-04,2.36E-04,7.65E-07
357,7.22E-05,2.80E-04,2.30E-04,7.79E-07
358,7.17E-05,2.82E-04,2.36E-04,7.23E-07
359,7.06E-05,2.75E-04,2.30E-04,7.48E-07
360,6.96E-05,2.67E-04,2.24E-04,7.51E-07
361,6.90E-05,2.69E-04,2.30E-04,7.01E-07
362,6.80E-05,2.61E-04,2.23E-04,7.27E-07
363,6.70E-05,2.53E-04,2.16E-04,7.32E-07
364,6.64E-05,2.54E-04,2.19E-04,6.87E-07
365,6.55E-05,2.47E-04,2.13E-04,7.11E-07
366,6.46E-05,2.40E-04,2.07E-04,7.19E-07
367,6.41E-05,2.42E-04,2.11E-04,6.73E-07
368,6.32E-05,2.35E-04,2.05E-04,7.01E-07
369,6.23E-05,2.28E-04,1.99E-04,7.10E-07
370,6.16E-05,2.24E-04,1.94E-04,7.26E-07
371,6.12E-05,2.28E-04,2.02E-04,6.63E-07
372,6.03E-05,2.21E-04,1.96E-04,6.92E-07
373,5.95E-05,2.14E-04,1.89E-04,6.92E-07
374,5.88E-05,2.09E-04,1.84E-04,7.06E-07
375,5.84E-05,2.12E-04,1.89E-04,6.55E-07
376,5.76E-05,2.06E-04,1.83E-04,6.83E-07
377,5.68E-05,2.00E-04,1.77E-04,6.87E-07
378,5.61E-05,1.96E-04,1.73E-04,7.01E-07
379,5.58E-05,2.00E-04,1.79E-04,6.45E-07
380,5.50E-05,1.93E-04,1.73E-04,6.75E-07
381,5.42E-05,1.87E-04,1.68E-04,6.76E-07
382,5.35E-05,1.83E-04,1.63E-04,6.89E-07
383,5.32E-05,1.88E-04,1.70E-04,6.37E-07
384,5.24E-05,1.82E-04,1.64E-04,6.64E-07
385,5.17E-05,1.76E-04,1.59E-04,6.66E-07
386,5.10E-05,1.72E-04,1.55E-04,6.80E-07
387,5.04E-05,1.69E-04,1.52E-04,6.94E-07
388,5.00E-05,1.76E-04,1.61E-04,6.26E-07
389,4.93E-05,1.70E-04,1.56E-04,6.56E-07
390,4.86E-05,1.64E-04,1.51E-04,6.49E-07
391,4.79E-05,1.59E-04,1.46E-04,6.59E-07
392,4.73E-05,1.56E-04,1.43E-04,6.73E-07
393,4.69E-05,1.62E-04,1.49E-04,6.10E-07
394,4.63E-05,1.57E-04,1.45E-04,6.36E-07
395,4.56E-05,1.52E-04,1.40E-04,6.32E-07
396,4.50E-05,1.48E-04,1.36E-04,6.44E-07
397,4.45E-05,1.45E-04,1.34E-04,6.59E-07
398,4.40E-05,1.44E-04,1.33E-04,6.67E-07
399,4.36E-05,1.53E-04,1.42E-04,5.97E-07
400,4.30E-05,1.47E-04,1.38E-04,6.33E-07
401,4.25E-05,1.41E-04,1.32E-04,6.23E-07
402,4.20E-05,1.37E-04,1.28E-04,6.29E-07
403,4.15E-05,1.34E-04,1.24E-04,6.43E-07
404,4.11E-05,1.33E-04,1.22E-04,6.53E-07
405,4.08E-05,1.41E-04,1.29E-04,5.86E-07
406,4.03E-05,1.36E-04,1.26E-04,6.22E-07
407,3.99E-05,1.31E-04,1.22E-04,6.18E-07
408,3.95E-05,1.28E-04,1.19E-04,6.31E-07
409,3.91E-05,1.26E-04,1.17E-04,6.49E-07
410,3.87E-05,1.24E-04,1.16E-04,6.60E-07
411,3.85E-05,1.31E-04,1.23E-04,5.86E-07
412,3.81E-05,1.27E-04,1.20E-04,6.24E-07
413,3.77E-05,1.23E-04,1.15E-04,6.14E-07
414,3.73E-05,1.20E-04,1.12E-04,6.22E-07
415,3.70E-05,1.18E-04,1.09E-04,6.39E-07
416,3.67E-05,1.17E-04,1.07E-04,6.51E-07
417,3.65E-05,1.22E-04,1.13E-04,5.82E-07
418,3.61E-05,1.19E-04,1.10E-04,6.21E-07
419,3.58E-05,1.15E-04,1.07E-04,6.15E-07
420,3.55E-05,1.12E-04,1.04E-04,6.27E-07
421,3.52E-05,1.10E-04,1.02E-04,6.47E-07
422,3.50E-05,1.10E-04,1.02E-04,6.60E-07
423,3.48E-05,1.15E-04,1.09E-04,5.84E-07
424,3.44E-05,1.12E-04,1.05E-04,6.24E-07
425,3.41E-05,1.08E-04,1.01E-04,6.11E-07
426,3.39E-05,1.05E-04,9.79E-05,6.18E-07
427,3.36E-05,1.03E-04,9.53E-05,6.34E-07
428,3.33E-05,1.02E-04,9.37E-05,6.46E-07
429,3.31E-05,1.06E-04,9.93E-05,5.77E-07
430,3.28E-05,1.03E-04,9.66E-05,6.15E-07
431,3.25E-05,9.95E-05,9.34E-05,6.09E-07
432,3.23E-05,9.74E-05,9.10E-05,6.20E-07
433,3.20E-05,9.59E-05,8.95E-05,6.40E-07
434,3.18E-05,9.52E-05,8.87E-05,6.52E-07
435,3.16E-05,9.97E-05,9.56E-05,5.75E-07
436,3.13E-05,9.65E-05,9.26E-05,6.14E-07
437,3.10E-05,9.31E-05,8.89E-05,6.00E-07
438,3.07E-05,9.05E-05,8.58E-05,6.04E-07
439,3.04E-05,8.85E-05,8.34E-05,6.18E-07
440,3.02E-05,8.73E-05,8.19E-05,6.28E-07
441,2.99E-05,8.69E-05,8.15E-05,6.34E-07
442,2.97E-05,8.69E-05,8.17E-05,6.39E-07
443,2.94E-05,8.66E-05,8.22E-05,6.40E-07
444,2.92E-05,8.59E-05,8.24E-05,6.37E-07
445,2.90E-05,8.49E-05,8.22E-05,6.31E-07
446,2.87E-05,8.36E-05,8.15E-05,6.23E-07
447,2.85E-05,8.22E-05,8.04E-05,6.13E-07
448,2.82E-05,8.10E-05,7.92E-05,6.05E-07
449,2.80E-05,7.99E-05,7.79E-05,5.97E-07
450,2.77E-05,7.90E-05,7.68E-05,5.90E-07
451,2.75E-05,7.82E-05,7.57E-05,5.86E-07
452,2.73E-05,7.74E-05,7.47E-05,5.85E-07
453,2.70E-05,7.66E-05,7.39E-05,5.86E-07
454,2.68E-05,7.59E-05,7.32E-05,5.88E-07
455,2.66E-05,7.52E-05,7.26E-05,5.90E-07
456,2.64E-05,7.47E-05,7.21E-05,5.92E-07
457,2.62E-05,7.41E-05,7.15E-05,5.93E-07
458,2.60E-05,7.36E-05,7.09E-05,5.93E-07
459,2.58E-05,7.30E-05,7.02E-05,5.93E-07
460,2.56E-05,7.24E-05,6.95E-05,5.93E-07
461,2.54E-05,7.17E-05,6.87E-05,5.92E-07
462,2.52E-05,7.10E-05,6.80E-05,5.91E-07
463,2.50E-05,7.02E-05,6.73E-05,5.90E-07
464,2.48E-05,6.95E-05,6.67E-05,5.89E-07
465,2.47E-05,6.89E-05,6.61E-05,5.88E-07
466,2.45E-05,6.84E-05,6.55E-05,5.88E-07
467,2.43E-05,6.80E-05,6.49E-05,5.88E-07
468,2.41E-05,6.76E-05,6.44E-05,5.88E-07
469,2.40E-05,6.72E-05,6.39E-05,5.89E-07
470,2.38E-05,6.68E-05,6.34E-05,5.89E-07
471,2.36E-05,6.64E-05,6.29E-05,5.90E-07
472,2.35E-05,6.59E-05,6.24E-05,5.91E-07
473,2.33E-05,6.53E-05,6.20E-05,5.91E-07
474,2.32E-05,6.47E-05,6.15E-05,5.92E-07
475,2.30E-05,6.41E-05,6.10E-05,5.93E-07
476,2.28E-05,6.35E-05,6.05E-05,5.93E-07
477,2.27E-05,6.29E-05,5.99E-05,5.93E-07
478,2.25E-05,6.23E-05,5.93E-05,5.93E-07
479,2.24E-05,6.18E-05,5.88E-05,5.92E-07
480,2.22E-05,6.13E-05,5.82E-05,5.92E-07
481,2.21E-05,6.08E-05,5.76E-05,5.92E-07
482,2.19E-05,6.03E-05,5.70E-05,5.92E-07
483,2.18E-05,5.98E-05,5.64E-05,5.92E-07
484,2.16E-05,5.94E-05,5.58E-05,5.93E-07
485,2.15E-05,5.89E-05,5.53E-05,5.93E-07
486,2.14E-05,5.84E-05,5.49E-05,5.94E-07
487,2.12E-05,5.78E-05,5.44E-05,5.95E-07
488,2.11E-05,5.73E-05,5.40E-05,5.95E-07
489,2.09E-05,5.67E-05,5.35E-05,5.96E-07
490,2.08E-05,5.62E-05,5.31E-05,5.96E-07
491,2.07E-05,5.57E-05,5.26E-05,5.96E-07
492,2.05E-05,5.52E-05,5.20E-05,5.96E-07
493,2.04E-05,5.47E-05,5.15E-05,5.96E-07
494,2.02E-05,5.42E-05,5.09E-05,5.95E-07
495,2.01E-05,5.38E-05,5.04E-05,5.95E-07
496,2.00E-05,5.34E-05,4.99E-05,5.94E-07
497,1.98E-05,5.30E-05,4.94E-05,5.94E-07
498,1.97E-05,5.26E-05,4.89E-05,5.94E-07
499,1.96E-05,5.22E-05,4.85E-05,5.94E-07
500,1.94E-05,5.18E-05,4.82E-05,5.94E-07
501,1.93E-05,5.14E-05,4.78E-05,5.94E-07
502,1.92E-05,5.10E-05,4.75E-05,5.95E-07
503,1.90E-05,5.06E-05,4.71E-05,5.95E-07
504,1.89E-05,5.02E-05,4.67E-05,5.94E-07
505,1.88E-05,4.98E-05,4.63E-05,5.94E-07
506,1.87E-05,4.95E-05,4.58E-05,5.94E-07
507,1.85E-05,4.92E-05,4.54E-05,5.93E-07
508,1.84E-05,4.88E-05,4.50E-05,5.92E-07
509,1.83E-05,4.85E-05,4.45E-05,5.92E-07
510,1.81E-05,4.82E-05,4.41E-05,5.91E-07
511,1.80E-05,4.79E-05,4.37E-05,5.91E-07
512,1.79E-05,4.76E-05,4.34E-05,5.91E-07
513,1.78E-05,4.73E-05,4.31E-05,5.90E-07
514,1.76E-05,4.70E-05,4.27E-05,5.90E-07
515,1.75E-05,4.67E-05,4.24E-05,5.90E-07
516,1.74E-05,4.63E-05,4.21E-05,5.90E-07
517,1.73E-05,4.60E-05,4.17E-05,5.90E-07
518,1.71E-05,4.57E-05,4.14E-05,5.90E-07
519,1.70E-05,4.54E-05,4.10E-05,5.90E-07
520,1.69E-05,4.51E-05,4.06E-05,5.89E-07
521,1.68E-05,4.48E-05,4.02E-05,5.89E-07
522,1.67E-05,4.45E-05,3.99E-05,5.89E-07
523,1.65E-05,4.42E-05,3.95E-05,5.89E-07
524,1.64E-05,4.39E-05,3.92E-05,5.88E-07
525,1.63E-05,4.36E-05,3.88E-05,5.88E-07
526,1.62E-05,4.34E-05,3.85E-05,5.88E-07
527,1.61E-05,4.31E-05,3.82E-05,5.89E-07
528,1.60E-05,4.28E-05,3.79E-05,5.89E-07
529,1.58E-05,4.25E-05,3.76E-05,5.89E-07
530,1.57E-05,4.22E-05,3.73E-05,5.89E-07
531,1.56E-05,4.20E-05,3.70E-05,5.89E-07
532,1.55E-05,4.17E-05,3.67E-05,5.90E-07
533,1.54E-05,4.14E-05,3.64E-05,5.90E-07
534,1.53E-05,4.12E-05,3.61E-05,5.90E-07
535,1.52E-05,4.09E-05,3.58E-05,5.90E-07
536,1.51E-05,4.07E-05,3.55E-05,5.90E-07
537,1.50E-05,4.05E-05,3.52E-05,5.90E-07
538,1.49E-05,4.03E-05,3.49E-05,5.90E-07
539,1.47E-05,4.01E-05,3.46E-05,5.90E-07
540,1.46E-05,3.99E-05,3.44E-05,5.90E-07
541,1.45E-05,3.97E-05,3.41E-05,5.90E-07
542,1.44E-05,3.94E-05,3.38E-05,5.91E-07
543,1.43E-05,3.92E-05,3.36E-05,5.91E-07
544,1.42E-05,3.90E-05,3.34E-05,5.91E-07
545,1.41E-05,3.88E-05,3.31E-05,5.92E-07
546,1.40E-05,3.85E-05,3.29E-05,5.93E-07
547,1.39E-05,3.83E-05,3.27E-05,5.93E-07
548,1.38E-05,3.81E-05,3.25E-05,5.94E-07
549,1.37E-05,3.79E-05,3.22E-05,5.95E-07
550,1.36E-05,3.77E-05,3.20E-05,5.95E-07
551,1.35E-05,3.75E-05,3.18E-05,5.96E-07
552,1.35E-05,3.73E-05,3.16E-05,5.97E-07
553,1.34E-05,3.71E-05,3.14E-05,5.98E-07
554,1.33E-05,3.69E-05,3.12E-05,5.98E-07
555,1.32E-05,3.67E-05,3.09E-05,5.99E-07
556,1.31E-05,3.65E-05,3.08E-05,6.00E-07
557,1.30E-05,3.63E-05,3.06E-05,6.01E-07
558,1.29E-05,3.61E-05,3.04E-05,6.01E-07
559,1.28E-05,3.59E-05,3.02E-05,6.02E-07
560,1.27E-05,3.57E-05,3.00E-05,6.03E-07
561,1.26E-05,3.55E-05,2.99E-05,6.04E-07
562,1.25E-05,3.53E-05,2.97E-05,6.04E-07
563,1.25E-05,3.51E-05,2.95E-05,6.05E-07
564,1.24E-05,3.49E-05,2.94E-05,6.06E-07
565,1.23E-05,3.47E-05,2.92E-05,6.06E-07
566,1.22E-05,3.45E-05,2.90E-05,6.07E-07
567,1.21E-05,3.43E-05,2.89E-05,6.07E-07
568,1.20E-05,3.42E-05,2.87E-05,6.08E-07
569,1.19E-05,3.40E-05,2.85E-05,6.08E-07
570,1.19E-05,3.38E-05,2.83E-05,6.09E-07
571,1.18E-05,3.37E-05,2.82E-05,6.09E-07
572,1.17E-05,3.35E-05,2.80E-05,6.10E-07
573,1.16E-05,3.34E-05,2.79E-05,6.10E-07
574,1.15E-05,3.32E-05,2.78E-05,6.11E-07
575,1.15E-05,3.30E-05,2.76E-05,6.12E-07
576,1.14E-05,3.29E-05,2.75E-05,6.12E-07
577,1.13E-05,3.27E-05,2.73E-05,6.13E-07
578,1.12E-05,3.26E-05,2.72E-05,6.13E-07
579,1.11E-05,3.24E-05,2.71E-05,6.14E-07
580,1.11E-05,3.23E-05,2.69E-05,6.14E-07
581,1.10E-05,3.21E-05,2.68E-05,6.15E-07
582,1.09E-05,3.20E-05,2.66E-05,6.15E-07
583,1.08E-05,3.18E-05,2.65E-05,6.16E-07
584,1.07E-05,3.17E-05,2.63E-05,6.17E-07
585,1.07E-05,3.16E-05,2.62E-05,6.18E-07
586,1.06E-05,3.14E-05,2.60E-05,6.19E-07
587,1.05E-05,3.13E-05,2.59E-05,6.19E-07
588,1.04E-05,3.12E-05,2.58E-05,6.20E-07
589,1.03E-05,3.10E-05,2.56E-05,6.21E-07
590,1.03E-05,3.09E-05,2.55E-05,6.22E-07
591,1.02E-05,3.07E-05,2.54E-05,6.22E-07
592,1.01E-05,3.06E-05,2.53E-05,6.23E-07
593,1.00E-05,3.05E-05,2.51E-05,6.24E-07
594,9.97E-06,3.03E-05,2.50E-05,6.25E-07
595,9.90E-06,3.02E-05,2.49E-05,6.26E-07
596,9.83E-06,3.00E-05,2.48E-05,6.27E-07
597,9.76E-06,2.99E-05,2.46E-05,6.28E-07
598,9.69E-06,2.98E-05,2.45E-05,6.29E-07
599,9.62E-06,2.97E-05,2.44E-05,6.29E-07
600,9.55E-06,2.96E-05,2.43E-05,6.30E-07
601,9.48E-06,2.94E-05,2.41E-05,6.32E-07
602,9.41E-06,2.93E-05,2.40E-05,6.33E-07
603,9.34E-06,2.92E-05,2.39E-05,6.33E-07
604,9.28E-06,2.91E-05,2.38E-05,6.34E-07
605,9.21E-06,2.89E-05,2.37E-05,6.35E-07
606,9.15E-06,2.88E-05,2.36E-05,6.36E-07
607,9.08E-06,2.87E-05,2.35E-05,6.37E-07
608,9.02E-06,2.85E-05,2.33E-05,6.38E-07
609,8.95E-06,2.84E-05,2.32E-05,6.39E-07
610,8.89E-06,2.82E-05,2.31E-05,6.40E-07
611,8.83E-06,2.81E-05,2.30E-05,6.41E-07
612,8.77E-06,2.80E-05,2.29E-05,6.43E-07
613,8.71E-06,2.79E-05,2.28E-05,6.44E-07
614,8.65E-06,2.77E-05,2.27E-05,6.45E-07
615,8.59E-06,2.76E-05,2.26E-05,6.46E-07
616,8.53E-06,2.75E-05,2.24E-05,6.47E-07
617,8.48E-06,2.74E-05,2.23E-05,6.48E-07
618,8.42E-06,2.72E-05,2.22E-05,6.49E-07
619,8.36E-06,2.71E-05,2.21E-05,6.51E-07
620,8.31E-06,2.70E-05,2.20E-05,6.52E-07
621,8.25E-06,2.69E-05,2.19E-05,6.53E-07
622,8.20E-06,2.67E-05,2.18E-05,6.54E-07
623,8.14E-06,2.66E-05,2.18E-05,6.55E-07
624,8.09E-06,2.65E-05,2.17E-05,6.56E-07
625,8.04E-06,2.64E-05,2.16E-05,6.58E-07
626,7.99E-06,2.63E-05,2.15E-05,6.59E-07
627,7.94E-06,2.62E-05,2.15E-05,6.60E-07
628,7.89E-06,2.61E-05,2.14E-05,6.61E-07
629,7.84E-06,2.60E-05,2.13E-05,6.63E-07
630,7.79E-06,2.59E-05,2.12E-05,6.64E-07
631,7.74E-06,2.58E-05,2.11E-05,6.65E-07
632,7.69E-06,2.57E-05,2.11E-05,6.66E-07
633,7.65E-06,2.56E-05,2.10E-05,6.67E-07
634,7.60E-06,2.55E-05,2.09E-05,6.69E-07
635,7.55E-06,2.54E-05,2.08E-05,6.70E-07
636,7.51E-06,2.52E-05,2.08E-05,6.71E-07
637,7.46E-06,2.51E-05,2.07E-05,6.72E-07
638,7.42E-06,2.50E-05,2.06E-05,6.73E-07
639,7.38E-06,2.49E-05,2.06E-05,6.75E-07
640,7.33E-06,2.48E-05,2.05E-05,6.76E-07
641,7.29E-06,2.47E-05,2.04E-05,6.77E-07
642,7.25E-06,2.46E-05,2.04E-05,6.78E-07
643,7.21E-06,2.45E-05,2.03E-05,6.80E-07
644,7.16E-06,2.44E-05,2.02E-05,6.81E-07
645,7.12E-06,2.43E-05,2.01E-05,6.82E-07
646,7.08E-06,2.42E-05,2.01E-05,6.83E-07
647,7.04E-06,2.41E-05,2.00E-05,6.85E-07
648,7.00E-06,2.40E-05,1.99E-05,6.86E-07
649,6.97E-06,2.39E-05,1.98E-05,6.87E-07
650,6.93E-06,2.38E-05,1.98E-05,6.88E-07
651,6.89E-06,2.37E-05,1.97E-05,6.89E-07
652,6.85E-06,2.36E-05,1.96E-05,6.91E-07
653,6.81E-06,2.35E-05,1.96E-05,6.92E-07
654,6.78E-06,2.34E-05,1.95E-05,6.93E-07
655,6.74E-06,2.33E-05,1.95E-05,6.95E-07
656,6.71E-06,2.32E-05,1.94E-05,6.96E-07
657,6.67E-06,2.31E-05,1.93E-05,6.97E-07
658,6.64E-06,2.30E-05,1.93E-05,6.99E-07
659,6.60E-06,2.29E-05,1.92E-05,7.00E-07
660,6.57E-06,2.28E-05,1.92E-05,7.02E-07
661,6.54E-06,2.27E-05,1.91E-05,7.03E-07
662,6.50E-06,2.26E-05,1.90E-05,7.04E-07
663,6.47E-06,2.25E-05,1.90E-05,7.06E-07
664,6.44E-06,2.24E-05,1.89E-05,7.07E-07
665,6.41E-06,2.24E-05,1.88E-05,7.09E-07
666,6.38E-06,2.23E-05,1.88E-05,7.10E-07
667,6.35E-06,2.22E-05,1.87E-05,7.11E-07
668,6.32E-06,2.21E-05,1.86E-05,7.13E-07
669,6.29E-06,2.20E-05,1.86E-05,7.14E-07
670,6.26E-06,2.19E-05,1.85E-05,7.16E-07
671,6.23E-06,2.18E-05,1.85E-05,7.17E-07
672,6.20E-06,2.18E-05,1.84E-05,7.18E-07
673,6.18E-06,2.17E-05,1.84E-05,7.20E-07
674,6.15E-06,2.16E-05,1.83E-05,7.21E-07
675,6.12E-06,2.15E-05,1.83E-05,7.23E-07
676,6.10E-06,2.14E-05,1.82E-05,7.24E-07
677,6.07E-06,2.13E-05,1.81E-05,7.26E-07
678,6.04E-06,2.13E-05,1.81E-05,7.27E-07
679,6.02E-06,2.12E-05,1.80E-05,7.29E-07
680,5.99E-06,2.11E-05,1.80E-05,7.30E-07
681,5.97E-06,2.10E-05,1.79E-05,7.31E-07
682,5.95E-06,2.09E-05,1.78E-05,7.33E-07
683,5.92E-06,2.09E-05,1.78E-05,7.34E-07
684,5.90E-06,2.08E-05,1.77E-05,7.36E-07
685,5.88E-06,2.07E-05,1.77E-05,7.37E-07
686,5.85E-06,2.06E-05,1.76E-05,7.39E-07
687,5.83E-06,2.05E-05,1.76E-05,7.40E-07
688,5.81E-06,2.04E-05,1.75E-05,7.42E-07
689,5.79E-06,2.04E-05,1.75E-05,7.43E-07
690,5.77E-06,2.03E-05,1.74E-05,7.45E-07
691,5.75E-06,2.02E-05,1.74E-05,7.46E-07
692,5.72E-06,2.01E-05,1.73E-05,7.48E-07
693,5.70E-06,2.01E-05,1.73E-05,7.50E-07
694,5.68E-06,2.00E-05,1.72E-05,7.51E-07
695,5.67E-06,1.99E-05,1.72E-05,7.53E-07
696,5.65E-06,1.98E-05,1.71E-05,7.55E-07
697,5.63E-06,1.98E-05,1.70E-05,7.56E-07
698,5.61E-06,1.97E-05,1.70E-05,7.58E-07
699,5.59E-06,1.96E-05,1.69E-05,7.59E-07
700,5.57E-06,1.96E-05,1.69E-05,7.61E-07
701,5.55E-06,1.95E-05,1.68E-05,7.63E-07
702,5.54E-06,1.94E-05,1.68E-05,7.64E-07
703,5.52E-06,1.94E-05,1.67E-05,7.66E-07
704,5.50E-06,1.93E-05,1.67E-05,7.67E-07
705,5.49E-06,1.93E-05,1.66E-05,7.69E-07
706,5.48E-06,1.92E-05,1.65E-05,7.70E-07
707,5.46E-06,1.91E-05,1.65E-05,7.72E-07
708,5.44E-06,1.91E-05,1.64E-05,7.73E-07
709,5.43E-06,1.90E-05,1.64E-05,7.75E-07
710,5.41E-06,1.89E-05,1.63E-05,7.76E-07
711,5.41E-06,1.89E-05,1.63E-05,7.78E-07
712,5.39E-06,1.88E-05,1.62E-05,7.80E-07
713,5.38E-06,1.88E-05,1.62E-05,7.81E-07
714,5.36E-06,1.87E-05,1.61E-05,7.83E-07
715,5.35E-06,1.86E-05,1.61E-05,7.84E-07
716,5.33E-06,1.86E-05,1.60E-05,7.86E-07
717,5.32E-06,1.85E-05,1.60E-05,7.87E-07
718,5.30E-06,1.85E-05,1.59E-05,7.89E-07
719,5.29E-06,1.84E-05,1.59E-05,7.91E-07
720,5.28E-06,1.84E-05,1.58E-05,7.92E-07
721,5.26E-06,1.83E-05,1.58E-05,7.94E-07
722,5.25E-06,1.82E-05,1.57E-05,7.95E-07
723,5.24E-06,1.82E-05,1.57E-05,7.97E-07
724,5.23E-06,1.81E-05,1.57E-05,7.99E-07
725,5.21E-06,1.81E-05,1.56E-05,8.01E-07
726,5.20E-06,1.80E-05,1.56E-05,8.02E-07
727,5.19E-06,1.79E-05,1.55E-05,8.04E-07
728,5.18E-06,1.79E-05,1.55E-05,8.06E-07
729,5.17E-06,1.78E-05,1.55E-05,8.07E-07
730,5.16E-06,1.78E-05,1.54E-05,8.09E-07
731,5.15E-06,1.77E-05,1.54E-05,8.11E-07
732,5.14E-06,1.77E-05,1.53E-05,8.13E-07
733,5.13E-06,1.76E-05,1.53E-05,8.14E-07
734,5.12E-06,1.76E-05,1.53E-05,8.16E-07
735,5.11E-06,1.75E-05,1.52E-05,8.18E-07
736,5.10E-06,1.74E-05,1.52E-05,8.19E-07
737,5.09E-06,1.74E-05,1.51E-05,8.21E-07
738,5.08E-06,1.73E-05,1.51E-05,8.22E-07
739,5.07E-06,1.73E-05,1.51E-05,8.24E-07
740,5.06E-06,1.72E-05,1.50E-05,8.26E-07
741,5.05E-06,1.71E-05,1.50E-05,8.27E-07
742,5.04E-06,1.71E-05,1.50E-05,8.29E-07
743,5.04E-06,1.70E-05,1.49E-05,8.31E-07
744,5.03E-06,1.70E-05,1.49E-05,8.33E-07
745,5.02E-06,1.69E-05,1.48E-05,8.35E-07
746,5.01E-06,1.69E-05,1.48E-05,8.36E-07
747,5.01E-06,1.68E-05,1.48E-05,8.38E-07
748,5.00E-06,1.68E-05,1.47E-05,8.40E-07
749,4.99E-06,1.67E-05,1.47E-05,8.42E-07
750,4.99E-06,1.67E-05,1.47E-05,8.43E-07
751,4.98E-06,1.66E-05,1.46E-05,8.45E-07
752,4.98E-06,1.66E-05,1.46E-05,8.47E-07
753,4.97E-06,1.66E-05,1.46E-05,8.49E-07
754,4.97E-06,1.65E-05,1.45E-05,8.50E-07
755,4.96E-06,1.65E-05,1.45E-05,8.52E-07
756,4.95E-06,1.64E-05,1.45E-05,8.54E-07
757,4.95E-06,1.64E-05,1.45E-05,8.56E-07
758,4.94E-06,1.64E-05,1.44E-05,8.58E-07
759,4.93E-06,1.64E-05,1.44E-05,8.59E-07
760,4.93E-06,1.63E-05,1.44E-05,8.61E-07
761,4.92E-06,1.63E-05,1.44E-05,8.63E-07
762,4.92E-06,1.63E-05,1.43E-05,8.65E-07
763,4.91E-06,1.62E-05,1.43E-05,8.67E-07
764,4.91E-06,1.62E-05,1.43E-05,8.69E-07
765,4.90E-06,1.62E-05,1.43E-05,8.71E-07
766,4.90E-06,1.61E-05,1.43E-05,8.73E-07
767,4.89E-06,1.61E-05,1.42E-05,8.74E-07
768,4.89E-06,1.60E-05,1.42E-05,8.76E-07
769,4.88E-06,1.60E-05,1.42E-05,8.78E-07
770,4.88E-06,1.60E-05,1.41E-05,8.80E-07
771,4.88E-06,1.59E-05,1.41E-05,8.82E-07
772,4.87E-06,1.59E-05,1.41E-05,8.84E-07
773,4.87E-06,1.58E-05,1.40E-05,8.86E-07
774,4.86E-06,1.58E-05,1.40E-05,8.88E-07
775,4.86E-06,1.57E-05,1.39E-05,8.90E-07
776,4.86E-06,1.57E-05,1.39E-05,8.92E-07
777,4.86E-06,1.56E-05,1.38E-05,8.94E-07
778,4.85E-06,1.56E-05,1.38E-05,8.96E-07
779,4.85E-06,1.56E-05,1.38E-05,8.97E-07
780,4.85E-06,1.55E-05,1.37E-05,8.99E-07
781,4.85E-06,1.55E-05,1.37E-05,9.01E-07
782,4.85E-06,1.55E-05,1.36E-05,9.04E-07
783,4.84E-06,1.54E-05,1.36E-05,9.05E-07
784,4.84E-06,1.54E-05,1.36E-05,9.07E-07
785,4.84E-06,1.54E-05,1.35E-05,9.09E-07
786,4.84E-06,1.54E-05,1.35E-05,9.11E-07
787,4.83E-06,1.54E-05,1.35E-05,9.13E-07
788,4.83E-06,1.54E-05,1.34E-05,9.15E-07
789,4.83E-06,1.54E-05,1.34E-05,9.16E-07
790,4.83E-06,1.53E-05,1.34E-05,9.18E-07
791,4.83E-06,1.53E-05,1.33E-05,9.20E-07
792,4.82E-06,1.53E-05,1.33E-05,9.22E-07
793,4.82E-06,1.53E-05,1.33E-05,9.24E-07
794,4.82E-06,1.53E-05,1.33E-05,9.26E-07
795,4.82E-06,1.52E-05,1.33E-05,9.29E-07
796,4.81E-06,1.52E-05,1.32E-05,9.30E-07
797,4.81E-06,1.52E-05,1.32E-05,9.32E-07
798,4.81E-06,1.52E-05,1.32E-05,9.34E-07
799,4.81E-06,1.51E-05,1.32E-05,9.36E-07
800,4.80E-06,1.51E-05,1.31E-05,9.38E-07
801,4.80E-06,1.51E-05,1.31E-05,9.40E-07
802,4.80E-06,1.50E-05,1.31E-05,9.42E-07
803,4.80E-06,1.50E-05,1.30E-05,9.44E-07
804,4.79E-06,1.50E-05,1.30E-05,9.46E-07
805,4.79E-06,1.49E-05,1.30E-05,9.48E-07
806,4.79E-06,1.49E-05,1.29E-05,9.50E-07
807,4.79E-06,1.49E-05,1.29E-05,9.52E-07
808,4.79E-06,1.48E-05,1.29E-05,9.54E-07
809,4.79E-06,1.48E-05,1.29E-05,9.56E-07
810,4.78E-06,1.48E-05,1.28E-05,9.58E-07
811,4.78E-06,1.48E-05,1.28E-05,9.60E-07
812,4.78E-06,1.47E-05,1.28E-05,9.61E-07
813,4.78E-06,1.47E-05,1.28E-05,9.64E-07
814,4.78E-06,1.47E-05,1.28E-05,9.66E-07
815,4.78E-06,1.47E-05,1.27E-05,9.68E-07
816,4.78E-06,1.47E-05,1.27E-05,9.70E-07
817,4.78E-06,1.47E-05,1.27E-05,9.72E-07
818,4.78E-06,1.47E-05,1.27E-05,9.74E-07
819,4.77E-06,1.47E-05,1.27E-05,9.76E-07
820,4.77E-06,1.46E-05,1.27E-05,9.78E-07
821,4.77E-06,1.46E-05,1.27E-05,9.80E-07
822,4.77E-06,1.46E-05,1.26E-05,9.82E-07
823,4.77E-06,1.46E-05,1.26E-05,9.84E-07
824,4.77E-06,1.46E-05,1.26E-05,9.86E-07
825,4.77E-06,1.46E-05,1.26E-05,9.88E-07
826,4.77E-06,1.46E-05,1.26E-05,9.90E-07
827,4.77E-06,1.45E-05,1.26E-05,9.92E-07
828,4.77E-06,1.45E-05,1.25E-05,9.94E-07
829,4.77E-06,1.45E-05,1.25E-05,9.96E-07
830,4.77E-06,1.45E-05,1.25E-05,9.98E-07
831,4.77E-06,1.45E-05,1.25E-05,1.00E-06
832,4.77E-06,1.45E-05,1.25E-05,1.00E-06
833,4.77E-06,1.45E-05,1.24E-05,1.00E-06
834,4.77E-06,1.44E-05,1.24E-05,1.01E-06
835,4.77E-06,1.44E-05,1.24E-05,1.01E-06
836,4.77E-06,1.44E-05,1.24E-05,1.01E-06
837,4.77E-06,1.44E-05,1.24E-05,1.01E-06
838,4.77E-06,1.44E-05,1.24E-05,1.01E-06
839,4.77E-06,1.44E-05,1.24E-05,1.01E-06
840,4.77E-06,1.44E-05,1.23E-05,1.02E-06
841,4.77E-06,1.44E-05,1.23E-05,1.02E-06
842,4.77E-06,1.44E-05,1.23E-05,1.02E-06
843,4.77E-06,1.44E-05,1.23E-05,1.02E-06
844,4.77E-06,1.44E-05,1.23E-05,1.02E-06
845,4.77E-06,1.44E-05,1.23E-05,1.03E-06
846,4.78E-06,1.45E-05,1.24E-05,1.04E-06
847,4.78E-06,1.45E-05,1.24E-05,1.04E-06
848,4.79E-06,1.45E-05,1.24E-05,1.05E-06
849,4.79E-06,1.45E-05,1.24E-05,1.06E-06
850,4.79E-06,1.45E-05,1.24E-05,1.06E-06
851,4.80E-06,1.45E-05,1.25E-05,1.07E-06
852,4.80E-06,1.45E-05,1.25E-05,1.07E-06
853,4.81E-06,1.45E-05,1.25E-05,1.08E-06
854,4.82E-06,1.45E-05,1.25E-05,1.08E-06
855,4.82E-06,1.45E-05,1.25E-05,1.09E-06
856,4.82E-06,1.45E-05,1.25E-05,1.09E-06
857,4.83E-06,1.45E-05,1.25E-05,1.09E-06
858,4.83E-06,1.45E-05,1.25E-05,1.10E-06
859,4.84E-06,1.45E-05,1.25E-05,1.10E-06
860,4.84E-06,1.45E-05,1.25E-05,1.10E-06
861,4.85E-06,1.45E-05,1.25E-05,1.10E-06
862,4.85E-06,1.45E-05,1.25E-05,1.11E-06
863,4.85E-06,1.45E-05,1.25E-05,1.11E-06
864,4.86E-06,1.45E-05,1.25E-05,1.11E-06
865,4.86E-06,1.45E-05,1.25E-05,1.11E-06
866,4.87E-06,1.45E-05,1.25E-05,1.12E-06
867,4.87E-06,1.45E-05,1.25E-05,1.12E-06
868,4.88E-06,1.45E-05,1.25E-05,1.12E-06
869,4.88E-06,1.45E-05,1.25E-05,1.12E-06
870,4.88E-06,1.45E-05,1.25E-05,1.13E-06
871,4.89E-06,1.45E-05,1.25E-05,1.13E-06
872,4.89E-06,1.45E-05,1.25E-05,1.13E-06
873,4.89E-06,1.45E-05,1.25E-05,1.13E-06
874,4.90E-06,1.46E-05,1.25E-05,1.14E-06
875,4.90E-06,1.46E-05,1.25E-05,1.14E-06
876,4.90E-06,1.46E-05,1.25E-05,1.14E-06
877,4.91E-06,1.46E-05,1.25E-05,1.14E-06
878,4.91E-06,1.46E-05,1.25E-05,1.15E-06
879,4.91E-06,1.46E-05,1.25E-05,1.15E-06
880,4.92E-06,1.46E-05,1.25E-05,1.15E-06
881,4.92E-06,1.46E-05,1.25E-05,1.15E-06
882,4.92E-06,1.46E-05,1.25E-05,1.16E-06
883,4.92E-06,1.46E-05,1.25E-05,1.16E-06
884,4.93E-06,1.46E-05,1.25E-05,1.16E-06
885,4.93E-06,1.46E-05,1.25E-05,1.16E-06
886,4.93E-06,1.46E-05,1.25E-05,1.17E-06
887,4.93E-06,1.46E-05,1.25E-05,1.17E-06
888,4.94E-06,1.46E-05,1.25E-05,1.17E-06
889,4.94E-06,1.46E-05,1.25E-05,1.18E-06
890,4.94E-06,1.46E-05,1.25E-05,1.18E-06
891,4.94E-06,1.46E-05,1.25E-05,1.18E-06
892,4.95E-06,1.46E-05,1.25E-05,1.18E-06
893,4.95E-06,1.46E-05,1.25E-05,1.19E-06
894,4.95E-06,1.46E-05,1.25E-05,1.19E-06
895,4.95E-06,1.46E-05,1.25E-05,1.19E-06
896,4.95E-06,1.46E-05,1.25E-05,1.19E-06
897,4.96E-06,1.46E-05,1.25E-05,1.20E-06
898,4.96E-06,1.46E-05,1.25E-05,1.20E-06
899,4.96E-06,1.46E-05,1.25E-05,1.20E-06
900,4.96E-06,1.46E-05,1.25E-05,1.20E-06
901,4.97E-06,1.46E-05,1.25E-05,1.21E-06
902,4.97E-06,1.47E-05,1.25E-05,1.21E-06
903,4.97E-06,1.47E-05,1.25E-05,1.21E-06
904,4.97E-06,1.47E-05,1.25E-05,1.21E-06
905,4.97E-06,1.47E-05,1.25E-05,1.22E-06
906,4.98E-06,1.47E-05,1.25E-05,1.22E-06
907,4.98E-06,1.47E-05,1.25E-05,1.22E-06
908,4.98E-06,1.47E-05,1.25E-05,1.22E-06
909,4.98E-06,1.47E-05,1.25E-05,1.23E-06
910,4.98E-06,1.46E-05,1.25E-05,1.23E-06
911,4.99E-06,1.46E-05,1.25E-05,1.23E-06
912,4.99E-06,1.46E-05,1.25E-05,1.23E-06
913,4.99E-06,1.46E-05,1.24E-05,1.24E-06
914,4.99E-06,1.46E-05,1.24E-05,1.24E-06
915,4.99E-06,1.46E-05,1.24E-05,1.24E-06
916,5.00E-06,1.46E-05,1.24E-05,1.24E-06
917,5.00E-06,1.46E-05,1.24E-05,1.25E-06
918,5.00E-06,1.46E-05,1.24E-05,1.25E-06
919,5.00E-06,1.46E-05,1.24E-05,1.25E-06
920,5.00E-06,1.46E-05,1.24E-05,1.25E-06
921,5.00E-06,1.46E-05,1.24E-05,1.26E-06
922,5.00E-06,1.46E-05,1.24E-05,1.26E-06
923,5.01E-06,1.46E-05,1.24E-05,1.26E-06
924,5.01E-06,1.46E-05,1.24E-05,1.26E-06
925,5.01E-06,1.46E-05,1.24E-05,1.27E-06
926,5.01E-06,1.46E-05,1.24E-05,1.27E-06
927,5.01E-06,1.46E-05,1.24E-05,1.27E-06
928,5.01E-06,1.46E-05,1.24E-05,1.28E-06
929,5.01E-06,1.46E-05,1.24E-05,1.28E-06
930,5.01E-06,1.46E-05,1.24E-05,1.28E-06
931,5.01E-06,1.46E-05,1.24E-05,1.28E-06
932,5.01E-06,1.46E-05,1.24E-05,1.28E-06
933,5.01E-06,1.46E-05,1.23E-05,1.29E-06
934,5.01E-06,1.45E-05,1.23E-05,1.29E-06
935,5.01E-06,1.45E-05,1.23E-05,1.29E-06
936,5.01E-06,1.46E-05,1.23E-05,1.30E-06
937,5.01E-06,1.45E-05,1.23E-05,1.30E-06
938,5.01E-06,1.45E-05,1.23E-05,1.30E-06
939,5.01E-06,1.45E-05,1.23E-05,1.30E-06
940,5.01E-06,1.45E-05,1.23E-05,1.31E-06
941,5.01E-06,1.45E-05,1.22E-05,1.31E-06
942,5.01E-06,1.45E-05,1.22E-05,1.31E-06
943,5.01E-06,1.45E-05,1.22E-05,1.31E-06
944,5.01E-06,1.45E-05,1.22E-05,1.32E-06
945,5.01E-06,1.45E-05,1.22E-05,1.32E-06
946,5.01E-06,1.45E-05,1.22E-05,1.32E-06
947,5.01E-06,1.45E-05,1.22E-05,1.32E-06
948,5.01E-06,1.45E-05,1.22E-05,1.33E-06
949,5.01E-06,1.45E-05,1.22E-05,1.33E-06
950,5.01E-06,1.45E-05,1.22E-05,1.33E-06
951,5.01E-06,1.45E-05,1.21E-05,1.33E-06
952,5.01E-06,1.45E-05,1.21E-05,1.34E-06
953,5.01E-06,1.45E-05,1.21E-05,1.34E-06
954,5.01E-06,1.45E-05,1.21E-05,1.34E-06
955,5.01E-06,1.44E-05,1.21E-05,1.34E-06
956,5.01E-06,1.44E-05,1.21E-05,1.35E-06
957,5.01E-06,1.44E-05,1.21E-05,1.35E-06
958,5.01E-06,1.44E-05,1.21E-05,1.35E-06
959,5.01E-06,1.44E-05,1.21E-05,1.35E-06
960,5.01E-06,1.44E-05,1.20E-05,1.36E-06
961,5.01E-06,1.44E-05,1.20E-05,1.36E-06
962,5.62E-06,1.69E-05,1.39E-05,1.31E-06
963,5.62E-06,1.64E-05,1.37E-05,1.36E-06
964,5.43E-06,1.63E-05,1.34E-05,1.31E-06
965,5.42E-06,1.61E-05,1.33E-05,1.35E-06
966,5.37E-06,1.57E-05,1.30E-05,1.39E-06
967,5.32E-06,1.54E-05,1.28E-05,1.44E-06
968,5.35E-06,1.68E-05,1.37E-05,1.40E-06
969,5.34E-06,1.66E-05,1.36E-05,1.41E-06
970,5.32E-06,1.62E-05,1.33E-05,1.41E-06
971,5.32E-06,1.59E-05,1.34E-05,1.35E-06
972,5.32E-06,1.58E-05,1.32E-05,1.37E-06
973,5.31E-06,1.56E-05,1.30E-05,1.37E-06
974,5.80E-06,1.85E-05,1.58E-05,1.32E-06
975,5.80E-06,1.79E-05,1.56E-05,1.37E-06
976,5.65E-06,1.75E-05,1.51E-05,1.33E-06
977,5.63E-06,1.74E-05,1.49E-05,1.37E-06
978,5.57E-06,1.68E-05,1.45E-05,1.41E-06
979,5.44E-06,1.74E-05,1.59E-05,1.41E-06
980,5.43E-06,1.74E-05,1.59E-05,1.42E-06
981,5.44E-06,1.85E-05,1.58E-05,1.36E-06
982,5.43E-06,1.81E-05,1.56E-05,1.40E-06
983,5.57E-06,1.71E-05,1.65E-05,1.35E-06
984,5.59E-06,1.69E-05,1.65E-05,1.37E-06
985,5.61E-06,1.91E-05,1.82E-05,1.35E-06
986,5.60E-06,1.87E-05,1.80E-05,1.40E-06
987,5.51E-06,1.73E-05,1.71E-05,1.36E-06
988,5.50E-06,1.74E-05,1.68E-05,1.42E-06
989,5.46E-06,1.83E-05,1.70E-05,1.36E-06
990,5.47E-06,1.83E-05,1.70E-05,1.42E-06
991,5.42E-06,1.97E-05,1.86E-05,1.37E-06
992,5.59E-06,1.96E-05,1.91E-05,1.37E-06
993,5.59E-06,1.93E-05,1.87E-05,1.42E-06
994,5.62E-06,1.95E-05,1.82E-05,1.39E-06
995,5.67E-06,2.01E-05,1.95E-05,1.38E-06
996,5.68E-06,1.99E-05,1.93E-05,1.44E-06
997,5.60E-06,2.05E-05,1.97E-05,1.40E-06
998,5.60E-06,2.09E-05,1.99E-05,1.40E-06
999,5.61E-06,2.10E-05,1.97E-05,1.40E-06
1000,5.62E-06,2.12E-05,1.95E-05,1.41E-06
